ssn|cc_num|first|last|gender|street|city|state|zip|lat|long|city_pop|job|dob|acct_num|profile
115-04-4507|4218196001337|Kathy|Johnson|F|863 Lawrence Valleys|Maywood|IL|60153|41.8793|-87.8433|24106|Accounting technician|1938-10-03|888022315787|adults_50up_female_urban.json
715-55-5575|4351161559407816183|Elaine|Fuller|F|310 Kendra Common Apt. 164|Owings Mills|MD|21117|39.4269|-76.7769|53778|Professor Emeritus|1956-06-07|917558277935|adults_50up_female_urban.json
167-48-5821|4192832764832|Melinda|Cameron|F|05641 Robin Port|Crystal Lake|IL|60014|42.2308|-88.3324|59670|International aid/development worker|1946-05-30|718172762479|adults_50up_female_urban.json
406-83-7518|4238849696532874|Brandon|Williams|M|26916 Carlson Mountain|Cathedral City|CA|92234|33.8098|-116.4665|51151|Seismic interpreter|1970-12-26|947268892251|adults_50up_male_urban.json
697-93-1877|4514627048281480|Lisa|Hernandez|F|809 Burns Creek|Youngsville|LA|70592|30.0975|-92.0096|18878|Medical laboratory scientific officer|1997-05-22|888335239225|adults_2550_female_urban.json
246-08-3947|3517182278248964|Vincent|Hickman|M|465 Lam Mission|Marietta|GA|30062|34.0025|-84.4633|302309|Community arts worker|1973-06-18|245877882397|adults_50up_male_urban.json
347-03-9639|213193010310510|Kayla|Ramirez|F|82997 Kristen Valley Suite 311|Plainview|NY|11803|40.7781|-73.4816|28127|Plant breeder/geneticist|1953-03-06|465378164447|adults_50up_female_urban.json
479-94-0888|4065133387262473|Danielle|Leblanc|F|108 Tanya Terrace Apt. 267|Greenwich|NY|12834|43.0947|-73.503|6594|Quarry manager|1961-12-27|950105810049|adults_50up_female_urban.json
061-22-6210|630447468723|Colton|Robinson|M|805 Brendan Neck|Mona|UT|84645|39.8382|-111.848|2620|Retail buyer|1971-08-23|940251608167|adults_50up_male_urban.json
162-08-8321|2222913619399092|Angela|Sandoval|F|3534 Anderson Rue Suite 751|Santa Clarita|CA|91350|34.4336|-118.5007|53134|Acupuncturist|1983-01-26|684868121383|adults_2550_female_urban.json
103-10-8809|4251354278496|William|Roman|M|841 Joseph Coves|Keaau|HI|96749|19.5893|-154.9926|17047|Surgeon|2002-02-26|297020387114|young_adults_male_urban.json
620-27-5618|4874016400529|Mark|Green|M|680 Charles Spurs Apt. 805|Medina|OH|44256|41.1404|-81.8584|62039|Television floor manager|1983-08-02|161286867170|adults_2550_male_urban.json
131-06-5051|345331586923222|Sierra|Johnson|F|3421 Brennan Walks Suite 337|Reynoldsville|PA|15851|41.0629|-78.8961|6671|Maintenance engineer|1958-08-16|903253916954|adults_50up_female_urban.json
229-04-3165|6541458685014295|Tonya|Baker|F|655 Obrien Pass|Durant|OK|74701|34.0061|-96.3847|22365|Commercial art gallery manager|1985-09-29|989496879843|adults_2550_female_urban.json
195-33-0728|3508835615951480|Ellen|Ortiz|F|482 Robert Light Apt. 994|New York City|NY|10039|40.8265|-73.9383|1577385|Optician, dispensing|1967-08-14|917181406434|adults_50up_female_urban.json
312-37-3444|6577738721489511|Robert|Potter|M|32003 Carr Trafficway Apt. 769|Saint Charles|MO|63301|38.8014|-90.5065|134684|Engineer, broadcasting (operations)|1989-01-06|767589450881|adults_2550_male_urban.json
507-52-3998|4163287083172781|Victoria|Larson|F|868 Merritt Summit Suite 743|Moorestown|NJ|08057|39.9683|-74.9533|21090|Health and safety inspector|2001-01-23|857987636625|young_adults_female_urban.json
497-81-3920|4143455812236231660|Gary|Owens|M|66909 Woods Knoll|Salem|OR|97301|44.949|-123.004|249657|Hydrogeologist|1954-09-26|428437913341|adults_50up_male_urban.json
552-96-8948|3573467065627293|Joseph|Meadows|M|62720 Gray Forest|Omaha|NE|68107|41.2068|-95.9559|518429|Programme researcher, broadcasting/film/video|1939-04-04|370770979513|adults_50up_male_urban.json
285-97-6907|4708053100330923275|Maureen|Elliott|F|4529 Kimberly Estates|Swedesboro|NJ|08085|39.7529|-75.3362|18737|Insurance risk surveyor|1976-11-24|636119440405|adults_2550_female_urban.json
320-74-6150|6011193149190586|Jessica|Wood|F|67165 Zimmerman Mews Apt. 849|Lansing|MI|48912|42.7371|-84.5244|162150|Solicitor|1952-11-15|531608037091|adults_50up_female_urban.json
447-94-9708|4314737996507527356|Rebecca|Peterson|F|083 John Lodge Suite 837|Portage|MI|49024|42.1974|-85.6194|47338|Recycling officer|2000-10-26|869508288813|young_adults_female_urban.json
096-38-3631|6011495788568554|Michele|Nelson|F|13518 James Streets Suite 498|Ruffin|SC|29475|33.0103|-80.8137|2874|Therapist, speech and language|1953-08-02|915259790398|adults_50up_female_urban.json
304-30-5913|4082400842710944|John|Alexander|M|47116 Jones Roads|Glendale|AZ|85304|33.5943|-112.1746|280389|Astronomer|2001-08-09|163860419795|young_adults_male_urban.json
312-11-4067|2706999386774968|Elizabeth|Oliver|F|34123 Andrea Estate|Chicago Heights|IL|60411|41.5087|-87.5904|58136|Accountant, chartered|1997-02-24|495675808653|adults_2550_female_urban.json
609-61-4772|564471349360|Brian|Walker|M|2102 Larson Views|Wasilla|AK|99654|61.5923|-149.3959|52168|Teacher, adult education|1954-06-16|317489104406|adults_50up_male_urban.json
128-60-4983|3548877190659403|Anna|Hayden|F|490 Thomas Run|Shrewsbury|MA|01545|42.2848|-71.7205|35299|Private music teacher|1985-12-10|308877180672|adults_2550_female_urban.json
600-56-8057|2556551256746807|Jordan|Edwards|F|68087 Brown Path Suite 977|Strawn|TX|76475|32.5945|-98.4995|977|Arts development officer|2005-03-05|292932052116|young_adults_female_rural.json
135-37-7179|3510932480861310|Julia|Wilson|F|4846 Baird Gardens|Madison|FL|32340|30.4802|-83.4067|11808|Programmer, multimedia|1996-09-08|161281455424|adults_2550_female_urban.json
196-77-8328|3514658404499723|Jeremy|Washington|M|867 Kane Square Apt. 963|Loyalton|CA|96118|39.663|-120.2297|1627|Paediatric nurse|1985-01-19|348079814698|adults_2550_male_rural.json
485-91-6247|6011702895171879|Alexis|Thomas|F|74596 Melissa Walk|Saint Louis|MO|63107|38.6645|-90.2125|927396|Social research officer, government|1971-05-03|688554816658|adults_50up_female_urban.json
778-63-8865|676213431619|Philip|Padilla|M|2400 Flynn Hill|Manassas|VA|20112|38.6665|-77.4248|137564|Mechanical engineer|1989-06-14|474056332778|adults_2550_male_urban.json
251-68-6752|3522196937923745|Julia|Estrada|F|8217 Huerta Hills Suite 474|San Francisco|CA|94112|37.7195|-122.4411|805301|Engineer, civil (contracting)|1990-12-14|425199071794|adults_2550_female_urban.json
110-31-6249|3594406409097438|Lisa|Gomez|F|421 Kyle Mill|Bellingham|MA|02019|42.0746|-71.4768|16332|Analytical chemist|1978-06-10|401921209060|adults_2550_female_urban.json
135-12-4836|372328588424742|Nicole|Morgan|F|1236 Davis Locks|Redmond|WA|98053|47.6462|-122.0386|77226|Administrator, education|1993-12-01|589546360500|adults_2550_female_urban.json
466-48-4296|3551370985931744|Marie|Wilson|F|47113 Paul Land|Englishtown|NJ|07726|40.2825|-74.3424|42508|Sound technician, broadcasting/film/video|1977-03-15|646045230097|adults_2550_female_urban.json
745-20-6798|4796405377351581|Stephanie|Newman|F|4317 Elizabeth Row|Sterling|IL|61081|41.8055|-89.7054|21934|Therapist, speech and language|2006-04-03|25645650502|young_adults_female_urban.json
806-43-3991|4183933529042288|David|Thompson|M|05395 Grant Center|Brooklyn|NY|11212|40.6625|-73.9145|2504700|Computer games developer|1989-09-20|462747155483|adults_2550_male_urban.json
117-96-1042|38589178390843|Jimmy|Maynard|M|6617 Jones Common|Fort Worth|TX|76137|32.8664|-97.2891|813980|IT technical support officer|1952-11-24|161526407509|adults_50up_male_urban.json
130-36-9591|180069847896112|Samuel|Curtis|M|7365 Ross Stream|Mission|TX|78573|26.2937|-98.3008|167182|Chief of Staff|1974-03-27|469493820213|adults_50up_male_urban.json
682-33-6133|4111161528098856|Meagan|Jenkins|F|049 Bell Ports Apt. 273|Woodbridge|NJ|07095|40.556|-74.2845|19844|Clinical cytogeneticist|2002-08-19|929216664078|young_adults_female_urban.json
377-15-4565|3568998094024455|Heather|White|F|612 Christopher Pines|Middleburg|FL|32068|30.084|-81.8645|50815|Engineer, structural|1985-12-05|461177243339|adults_2550_female_urban.json
350-21-6063|4991022901476797641|Cindy|Hunt|F|1497 Williams Locks Apt. 034|Azusa|CA|91702|34.1248|-117.9031|59705|Engineer, mining|1984-06-08|153619596480|adults_2550_female_urban.json
297-42-1966|675962268388|Kristin|Barnett|F|60607 Michelle Ports Suite 966|Littleton|CO|80123|39.6206|-105.0901|320420|Horticultural consultant|1953-09-10|442876297368|adults_50up_female_urban.json
333-22-7539|3516136968164536|Felicia|Jackson|F|835 Luna Viaduct|Girard|PA|16417|41.9896|-80.3178|8329|Data scientist|1998-09-16|112683916677|adults_2550_female_urban.json
263-26-2843|3512779979955279|Barry|Ramos|M|9058 Lance Mission Apt. 054|Chicago|IL|60653|41.8196|-87.6126|2680484|Camera operator|1957-12-24|951956593813|adults_50up_male_urban.json
630-77-8308|6598079359782074|Brian|Nolan|M|182 John Mill Suite 889|New York City|NY|10002|40.7152|-73.9877|1577385|Designer, interior/spatial|1960-01-27|409584822948|adults_50up_male_urban.json
397-53-5544|4515186449251922|Sydney|Collins|F|91486 Li Skyway Apt. 685|Spring|TX|77380|30.1441|-95.4703|316665|Adult nurse|1951-08-16|340859761513|adults_50up_female_urban.json
220-44-7968|4221418880595|Bonnie|Bennett|F|92706 Rhodes Freeway|Conway|SC|29527|33.7827|-79.1473|61060|Producer, radio|1966-02-18|311860132678|adults_50up_female_urban.json
767-58-3834|213147359774686|Kelsey|Burch|F|240 Sawyer Plaza|Lauderdale|MS|39335|32.5022|-88.4956|3160|Civil engineer, contracting|1963-08-07|930768379867|adults_50up_female_urban.json
872-16-4671|2225782613750601|James|Brooks|M|53051 Moody Dam Apt. 472|Callaway|MD|20620|38.2275|-76.521|1443|Psychotherapist, child|1954-07-21|676236594141|adults_50up_male_rural.json
082-03-4194|4898614341033|Jason|Bauer|M|17980 Jennifer Highway Suite 095|Greensburg|PA|15601|40.3074|-79.5424|59483|Financial adviser|1990-03-06|457717515381|adults_2550_male_urban.json
681-86-1403|180018888806704|Mark|Zavala|M|051 Allen Shoals Apt. 952|Bridgeville|PA|15017|40.3472|-80.1153|16213|Armed forces operational officer|1993-05-16|598513567016|adults_2550_male_urban.json
834-83-2869|4722170430305482|Jennifer|Ochoa|F|0345 Michelle Isle Suite 156|Virginia Beach|VA|23455|36.8881|-76.1446|437994|Office manager|1968-07-09|484228819436|adults_50up_female_urban.json
348-24-8130|3558416169284518|Bobby|Guerrero|M|9627 West Stream Suite 964|Holland|MI|49424|42.8135|-86.1426|89737|Barista|1956-02-26|734761706971|adults_50up_male_urban.json
416-47-8407|3502970213556906|Lisa|Shelton|F|7192 Sanders Run Suite 310|La Grange|NC|28551|35.3054|-77.7686|14093|Electronics engineer|2001-09-09|569079060568|young_adults_female_urban.json
576-16-4289|4394731217271551888|Dylan|Evans|M|258 David Flats|Claremont|NC|28610|35.7211|-81.1297|9913|Corporate treasurer|1962-03-02|868600167952|adults_50up_male_urban.json
027-47-9078|3578291146786695|Angela|Compton|F|7852 Katrina Curve|Irvine|CA|92620|33.7009|-117.7564|212569|Police officer|1997-10-22|63858482694|adults_2550_female_urban.json
531-20-4983|4535841438424981|Brandon|Davidson|M|99590 Christopher Row|Brooklyn|NY|11226|40.6467|-73.957|2504700|Technical author|1938-03-23|714101259587|adults_50up_male_urban.json
786-74-6826|3578447364710276|Jason|Marshall|M|255 Hester Curve Suite 881|Salem|VA|24153|37.2853|-80.0692|37761|Investment banker, operational|1997-03-04|512139364441|adults_2550_male_urban.json
274-58-4062|4046963259532783|Julie|Koch|F|16873 Brandy Causeway Apt. 479|El Paso|TX|79938|31.8045|-105.9661|749635|Psychotherapist, dance movement|1964-03-02|589637799519|adults_50up_female_urban.json
868-14-7061|4565060983584163|Kathy|Duran|F|912 Phillip Underpass Suite 852|Littleton|CO|80120|39.5994|-105.0044|320420|Engineer, civil (contracting)|1971-04-11|560933307161|adults_50up_female_urban.json
513-06-0743|503857872983|Charles|Velazquez|M|69495 Erickson Hills Suite 055|Kaaawa|HI|96730|21.5481|-157.8495|1541|Clinical molecular geneticist|1952-08-28|459475163381|adults_50up_male_rural.json
316-93-0437|3549930972896237|Andre|Vaughan|M|07562 Vaughn Loop|Waycross|GA|31501|31.2243|-82.3596|36692|Retail banker|1997-11-10|673343378855|adults_2550_male_urban.json
894-95-1021|3583857865278586|Heather|Ingram|F|733 Grant Fork Suite 437|Barre|VT|05641|44.1945|-72.4936|17169|Investment analyst|1980-01-17|384312829345|adults_2550_female_urban.json
815-93-4481|4986652404157473381|Devin|Hoffman|M|19933 Elizabeth Pines Apt. 301|Gravois Mills|MO|65037|38.2584|-92.823|4938|Patent attorney|1992-01-26|787397615467|adults_2550_male_urban.json
103-88-2253|676126773453|Dustin|Brown|M|938 Robin Extensions|Inwood|IA|51240|43.3047|-96.4363|1746|Pensions consultant|1970-01-27|922912214634|adults_50up_male_rural.json
038-51-8117|4004991547887289|John|Lee|M|2742 Jill Turnpike|Batesville|MS|38606|34.3317|-89.9142|16127|Hotel manager|2001-12-24|741172976688|young_adults_male_urban.json
180-79-6644|6516122753046370|Paul|Finley|M|904 Schwartz Circle Apt. 742|Hudson|FL|34667|28.3648|-82.6757|44792|Optician, dispensing|1942-07-28|552702477657|adults_50up_male_urban.json
789-40-1924|4593327279568788|Robert|Petersen|M|918 Rice Lake|Grand Rapids|MI|49506|42.944|-85.6213|375580|Careers adviser|1994-12-09|622414826633|adults_2550_male_urban.json
064-71-8282|4258713971877|Rhonda|Chavez|F|9087 Cummings Locks Suite 039|Dundee|FL|33838|28.0194|-81.6212|3515|Buyer, industrial|1979-10-26|464050986189|adults_2550_female_urban.json
718-09-8867|502070462267|Jacqueline|Vance|F|6182 Wilson Plain Suite 823|Poteau|OK|74953|35.0606|-94.6096|11632|Accountant, chartered certified|1995-09-21|24722602367|adults_2550_female_urban.json
475-87-8921|6533752431069037|Christine|Garcia|F|9030 Gonzales Plains|Indianapolis|IN|46235|39.8471|-85.9741|910148|Engineer, water|1977-02-24|952427834357|adults_2550_female_urban.json
144-65-4740|4995342836449|Amy|Fry|F|687 Teresa Row|Barnesville|GA|30204|33.0457|-84.1515|13493|Museum/gallery curator|1985-12-02|578900622716|adults_2550_female_urban.json
714-54-6689|4628733427086681|Kendra|Price|F|51751 Brett Lane Apt. 139|Medford|MA|02155|42.4173|-71.1087|57964|Surveyor, land/geomatics|1973-11-05|524918088976|adults_50up_female_urban.json
891-43-4968|563173936383|Frank|Campbell|M|544 Hunt Parks Suite 175|Dallas|TX|75206|32.831|-96.7692|1263321|Engineer, electronics|1968-02-08|345189549205|adults_50up_male_urban.json
047-73-3626|3504899642353692|Roy|Porter|M|7772 Jackson Stravenue Suite 280|Huntington Station|NY|11746|40.8143|-73.3634|67094|Scientist, research (physical sciences)|1970-01-31|919268273279|adults_50up_male_urban.json
838-86-0795|630423120389|Joy|Brown|F|700 Smith Pines Suite 840|Virginia Beach|VA|23464|36.7978|-76.1759|437994|Retail buyer|1951-07-12|767996662339|adults_50up_female_urban.json
441-23-1754|2623398454615676|Karl|Branch|M|1016 Bennett Mountains|Big Rapids|MI|49307|43.6897|-85.4797|20112|Banker|1975-12-07|11324746755|adults_2550_male_urban.json
176-11-8190|6591803397401489|Justin|Johnson|M|39261 Martin Garden Suite 856|Tulare|CA|93274|36.2022|-119.338|69721|Counselling psychologist|1945-11-30|797529515996|adults_50up_male_urban.json
513-96-5667|502063159995|James|Ayala|M|477 Michael Lane|Concord|NC|28027|35.4141|-80.6162|104595|Podiatrist|1937-09-01|748122047461|adults_50up_male_urban.json
677-49-1405|3531142626551107|Tommy|Wallace|M|21267 Garcia Corners Suite 819|Salisbury|MD|21804|38.3508|-75.5338|68541|Therapist, sports|1990-12-08|359851424229|adults_2550_male_urban.json
013-38-6780|6011839826224441|Johnny|Brown|M|6471 King Gateway Suite 993|Los Angeles|CA|90028|34.1005|-118.3254|2383912|Programmer, systems|1954-02-08|146488330909|adults_50up_male_urban.json
007-51-5444|3557569245937524|Tracey|Novak|F|793 Bennett Viaduct Suite 519|Glastonbury|CT|06033|41.7073|-72.5727|28762|Engineer, communications|1967-05-14|199911954718|adults_50up_female_urban.json
787-71-0441|3537416724342666|Angela|Ewing|F|688 Stephens Turnpike Suite 891|Liberty|IN|47353|39.6126|-84.9089|5879|Clinical embryologist|1970-03-13|273885572142|adults_50up_female_urban.json
681-46-2726|4965610143888999|Daniel|Brooks|M|982 Cuevas Orchard Apt. 461|Elkhart|IN|46514|41.7101|-85.9729|97528|Commercial art gallery manager|2005-05-17|157754796139|young_adults_male_urban.json
320-44-7461|4571775140102|Samuel|Wong|M|382 Mark Meadow|Toledo|OH|43615|41.6492|-83.6706|316948|Psychologist, counselling|1969-11-07|877169140360|adults_50up_male_urban.json
645-24-3054|4609379660334199|Brian|Wiggins|M|5371 Lambert Overpass|Bellingham|WA|98225|48.749|-122.4887|117728|Secretary, company|1966-10-12|704228248578|adults_50up_male_urban.json
612-50-6432|3555792499125131|Elizabeth|White|F|669 Bailey Manors|Campbell|CA|95008|37.2803|-121.9539|45260|Electronics engineer|1969-08-30|697874934613|adults_50up_female_urban.json
711-83-2839|213174225790506|Kari|Lee|F|876 Perry Ville Suite 721|Pflugerville|TX|78660|30.4421|-97.6299|68789|Systems analyst|1966-04-14|872010906800|adults_50up_female_urban.json
300-05-4504|4279788191480|Rodney|Richardson|M|783 Garcia Village|Hudsonville|MI|49426|42.8748|-85.8751|33244|Firefighter|1967-07-03|959056357132|adults_50up_male_urban.json
461-34-5712|2413395962923307|Laura|Patel|F|4494 Derek Terrace|Soldotna|AK|99669|60.4818|-151.1358|14191|Paramedic|1964-02-04|68370591034|adults_50up_female_urban.json
888-84-2079|3532536729466718|Madeline|Beard|F|8457 Murphy Alley|Huntington Park|CA|90255|33.9769|-118.2161|75066|Chief Financial Officer|1977-06-08|697753726506|adults_2550_female_urban.json
715-46-1038|180036374545891|Carlos|Phelps|M|001 Smith Walks Apt. 770|Saint Clair|MO|63077|38.3299|-90.9713|11798|Phytotherapist|2004-08-06|999389892260|young_adults_male_urban.json
667-39-2605|4541520643611037125|Linda|Stone|F|05162 Jones Lights Apt. 115|San Diego|CA|92126|32.9161|-117.1402|1241364|Mental health nurse|1962-06-27|330201333423|adults_50up_female_urban.json
392-97-2182|4189092753269739|Angelica|Garcia|F|656 Moody Gateway|Wichita Falls|TX|76301|33.9053|-98.4976|102011|Health and safety inspector|1979-08-31|92962937500|adults_2550_female_urban.json
567-77-9831|3504389836403768|Brian|Porter|M|055 Paul Villages|Moore Haven|FL|33471|26.8327|-81.2188|6818|Teacher, adult education|2004-06-11|401239553647|young_adults_male_urban.json
700-23-7718|5191043006848665|Mia|Miller|F|1418 Terri Drives|Swansboro|NC|28584|34.6991|-77.135|11396|Software engineer|1995-08-03|430900111440|adults_2550_female_urban.json
650-98-1084|4303161799042102026|Jon|Reed|M|52410 Roman Groves Apt. 491|Bellevue|NE|68123|41.1156|-95.9393|60409|Research scientist (maths)|2008-12-14|560300808050|young_adults_male_urban.json
057-64-9288|4241913800030756|James|Hernandez|M|635 Robert Stravenue|Las Vegas|NV|89122|36.1205|-115.0523|1417793|IT consultant|1980-04-02|907403143513|adults_2550_male_urban.json
586-48-1957|213123806174457|Angelica|Bryant|F|49493 Richardson Park Apt. 832|Riverdale|GA|30296|33.5667|-84.4364|57733|Accounting technician|1992-08-25|450681215698|adults_2550_female_urban.json
239-70-5676|4506413836702411|Andrew|Hall|M|571 William Route Suite 199|Lennox|SD|57039|43.3451|-96.8821|3265|Biomedical engineer|1944-10-24|727717710246|adults_50up_male_urban.json
243-38-4277|375574313291214|Carly|Owens|F|85374 Baker Crest Apt. 249|Oceanside|CA|92054|33.2072|-117.3573|188742|Architect|1961-06-12|915751541289|adults_50up_female_urban.json
152-12-4067|378044206788319|Julia|Lara|F|00323 Watson Roads|Port Allen|LA|70767|30.472|-91.2541|14914|Chartered accountant|1964-02-25|646746156066|adults_50up_female_urban.json
833-10-0358|2237215107029667|Kathleen|Reyes|F|53244 Stephenson Bypass Apt. 476|Bogue Chitto|MS|39629|31.4563|-90.4732|6519|Statistician|1965-10-21|66481931623|adults_50up_female_urban.json
287-50-2249|6011838065787597|Jonathan|Price|M|59304 Lindsey Mountains|Winona|MN|55987|44.03|-91.7009|35629|Senior tax professional/tax inspector|1999-12-26|843348752593|adults_2550_male_urban.json
239-21-1641|4480396522393|Evan|Rojas|M|059 Anna Field Suite 842|Baltimore|MD|21213|39.3127|-76.581|635495|Recycling officer|1981-11-14|98947300855|adults_2550_male_urban.json
239-78-3585|676170593252|Mitchell|Sellers|M|02921 Yu Landing Suite 915|Eureka|CA|95503|40.7592|-124.1593|48128|Immigration officer|1933-11-29|147414458291|adults_50up_male_urban.json
750-56-7983|4289539264422099|Jenna|Gamble|F|95939 Sharon Divide|Gonzales|CA|93926|36.49|-121.4103|8726|Learning disability nurse|2005-05-11|84805603866|young_adults_female_urban.json
356-41-2751|4570433154100676|Nicholas|Costa|M|6586 Maria Turnpike Apt. 271|Saint Paul|MN|55115|45.071|-92.9391|753116|Analytical chemist|1984-02-05|22741459331|adults_2550_male_urban.json
268-14-1216|346218159970624|Lawrence|Hamilton|M|53368 Guerrero Hills|Hammond|LA|70403|30.4911|-90.4697|47940|Field seismologist|1988-11-04|51951563323|adults_2550_male_urban.json
586-71-8044|4506149731032419|Kara|Wilson|F|7418 Lopez Light Suite 270|Slaton|TX|79364|33.4629|-101.6732|8172|General practice doctor|1982-05-14|512989778945|adults_2550_female_urban.json
232-35-9245|503811586935|Kristen|Randall|F|793 Evans Locks Apt. 898|Milwaukee|WI|53215|43.006|-87.9429|817312|Teacher, music|1965-12-17|161577842715|adults_50up_female_urban.json
776-58-2833|4320616329451163|Justin|Arnold|M|709 Rodriguez Drive Apt. 999|Mc Graw|NY|13101|42.5948|-76.082|2508|Chiropodist|1963-02-03|119936653222|adults_50up_male_urban.json
799-13-4688|180064679970242|Jamie|Montgomery|M|65307 Prince Brooks Suite 444|Elliston|VA|24087|37.2257|-80.1848|3914|Regulatory affairs officer|1999-02-22|768190268997|adults_2550_male_urban.json
101-30-2202|4546913736785082143|Michael|Powell|M|33030 Williams Lake|Spring Creek|NV|89815|40.7519|-115.5956|13346|Engineer, civil (contracting)|1952-04-21|404903650217|adults_50up_male_urban.json
518-51-2030|4357972798552411|Dustin|Hughes|M|333 Joseph Lodge|Westfield|NJ|07090|40.6479|-74.3451|30338|Scientific laboratory technician|1993-10-18|949273896633|adults_2550_male_urban.json
010-61-2168|4903494466574378|Elizabeth|Meyer|F|108 Hoffman Ranch Suite 417|Scarsdale|NY|10583|40.9927|-73.7995|38982|Bonds trader|1978-03-19|701267155766|adults_2550_female_urban.json
883-36-4279|4328309652074461|Jared|Doyle|M|3875 Bruce Ville|Brooklyn|NY|11213|40.67|-73.9366|2504700|Surveyor, insurance|1963-01-23|322900519786|adults_50up_male_urban.json
483-17-4238|3551353465549475|Sarah|Ruiz|F|3816 Gutierrez Ways|Saint Johns|AZ|85936|34.501|-109.3796|4293|Dentist|1968-04-27|374522422066|adults_50up_female_urban.json
584-59-2347|341752500743293|Pamela|Burns|F|96666 Reyes Camp|Rich Creek|VA|24147|37.385|-80.8227|1201|Social research officer, government|1977-12-03|804015362037|adults_2550_female_rural.json
015-42-8701|4033542168940|Carol|Colon|F|7898 Hamilton Spur Apt. 575|Grand Rapids|MI|49507|42.9318|-85.6542|375580|Emergency planning/management officer|1990-09-10|445869180665|adults_2550_female_urban.json
234-29-2150|4982150648900|Kirk|Williams|M|001 Wallace Crossing|Mount Vernon|WA|98273|48.4352|-122.2082|45330|Sports development officer|1946-08-25|520776545528|adults_50up_male_urban.json
157-27-0153|4184992618914117392|Curtis|Baker|M|6420 Lozano Spurs|Dade City|FL|33525|28.3318|-82.2446|36752|Quarry manager|1966-11-18|259117969489|adults_50up_male_urban.json
014-86-1459|2717218114374471|Amber|Li|F|5561 Melissa Cape|Batavia|NY|14020|43.0003|-78.1929|23306|Acupuncturist|1962-02-04|153983162030|adults_50up_female_urban.json
663-22-5385|379415521667462|Melissa|Mendoza|F|212 Tina Vista Apt. 169|Ellenwood|GA|30294|33.6166|-84.2939|39865|Radiation protection practitioner|1969-07-27|626215958920|adults_50up_female_urban.json
449-24-6222|342771670145088|Patricia|Ray|F|588 Ryan Stream|Glenwood Springs|CO|81601|39.5296|-107.3252|15442|Fish farm manager|1985-01-30|380026994241|adults_2550_female_urban.json
693-83-6306|4028772175354087|Daniel|Schneider|M|17797 Melissa Mission Suite 170|Hauppauge|NY|11788|40.8231|-73.1958|16821|Civil engineer, contracting|1983-08-01|452704326218|adults_2550_male_urban.json
571-71-0003|2720948837550370|Evelyn|Saunders|F|571 Katherine Forges Apt. 554|Danielson|CT|06239|41.7982|-71.8807|11183|Sports development officer|1997-03-21|410263801993|adults_2550_female_urban.json
109-06-2690|30261493316378|Samantha|Lee|F|60917 Barrett Parkways Apt. 708|Berwyn|IL|60402|41.8347|-87.7914|63448|Art therapist|1950-11-21|920981907761|adults_50up_female_urban.json
495-66-2904|3521699586693460|Victor|Waller|M|26984 Joseph Plaza Apt. 339|Long Beach|CA|90804|33.7857|-118.1357|471952|Horticultural therapist|1970-11-28|380906095118|adults_50up_male_urban.json
136-91-2914|180015879968469|Rhonda|Mills|F|2003 Christensen Estates|Saint Petersburg|FL|33703|27.817|-82.6264|341043|Historic buildings inspector/conservation officer|1972-11-16|277813046063|adults_50up_female_urban.json
860-08-4836|4571983863842|Melissa|Williams|F|6580 Julia Flats Suite 359|Litchfield|CT|06759|41.7541|-73.2|5720|Sports coach|1992-12-24|664596582306|adults_2550_female_urban.json
795-93-3171|4212281606484229407|Erin|Mckinney|F|25909 Henry Ports|Port Angeles|WA|98363|48.0557|-123.9178|35573|Statistician|1967-09-07|78847377226|adults_50up_female_urban.json
326-68-3604|4826886153355546|Daniel|Goodwin|M|015 Allen Row Apt. 056|Salem|WV|26426|39.2948|-80.5898|7003|Clothing/textile technologist|1983-01-29|280830198772|adults_2550_male_urban.json
742-37-0405|180088770435813|Travis|Jackson|M|133 Houston Ford|Springfield|MA|01109|42.1145|-72.5543|144116|Soil scientist|1953-05-19|772358594412|adults_50up_male_urban.json
794-56-1182|3507501102481933|Susan|Russell|F|665 Perry Crest Apt. 919|Prattville|AL|36066|32.4787|-86.43|46043|Armed forces technical officer|2001-03-23|935018168609|young_adults_female_urban.json
367-65-1739|4914766072832684246|Megan|Sloan|F|88210 Ashley Lock Apt. 435|Minneapolis|MN|55412|45.0242|-93.302|1022298|Engineer, mining|1993-06-21|993909782929|adults_2550_female_urban.json
872-66-2334|4394312908781417|Danielle|Gonzalez|F|5231 Harvey Fields Suite 775|Normal|IL|61761|40.5124|-88.9883|52879|Warehouse manager|2001-12-23|337839646089|young_adults_female_urban.json
599-20-9267|3556205336452575|Julie|Howard|F|8129 Meagan Walks Apt. 834|Fort Wayne|IN|46806|41.048|-85.1135|305409|Camera operator|1967-08-05|84728646799|adults_50up_female_urban.json
870-65-0512|3593084887256395|Morgan|Carter|F|816 Shaw Shore Apt. 928|Seattle|WA|98116|47.5746|-122.3934|837792|Counselling psychologist|1990-08-19|173715194068|adults_2550_female_urban.json
580-73-2396|3550373145303854|James|Hardin|M|51844 Nicholas Lane|Eagle Pass|TX|78852|28.7028|-100.4818|53040|Medical secretary|1958-02-04|719783599768|adults_50up_male_urban.json
530-33-6166|4557790827237|Angela|Schneider|F|22591 Robert Isle|Mesa|AZ|85212|33.3425|-111.6353|478404|Clothing/textile technologist|1976-08-25|740802473168|adults_2550_female_urban.json
491-27-9680|4030299228092023|David|White|M|904 Jay Rest Suite 723|Harrisburg|PA|17110|40.303|-76.8862|165527|Paediatric nurse|1968-04-16|157199405309|adults_50up_male_urban.json
841-99-2980|3525799136621031|Joseph|Blankenship|M|91279 Natalie Place Apt. 172|Carrollton|TX|75006|32.9657|-96.8825|119595|Toxicologist|1972-10-28|908554315130|adults_50up_male_urban.json
794-87-7070|180050863765993|Brent|Anderson|M|14986 Lopez Station Apt. 981|Orlando|FL|32801|28.5399|-81.3727|878243|Scientist, product/process development|1984-01-15|412347758641|adults_2550_male_urban.json
211-89-5176|6512694486959461|Paul|Gutierrez|M|58874 Lane Trail Suite 213|Atlanta|GA|30316|33.7217|-84.3339|900273|Product manager|1947-04-09|772162574642|adults_50up_male_urban.json
103-28-8329|6589026012796117|Deborah|Wood|F|669 Dawson Ranch|Newman|CA|95360|37.3097|-121.0805|11712|Barista|1989-07-03|854465343288|adults_2550_female_urban.json
656-64-7193|568430988390|Caroline|Johnson|F|021 Chan Knoll|Converse|LA|71419|31.7339|-93.6902|2444|Nutritional therapist|2004-12-18|645986493050|young_adults_female_rural.json
531-02-1125|2704895543937690|Aaron|Thompson|M|184 Arroyo Unions|Minneapolis|MN|55421|45.0523|-93.2541|1022298|Scientific laboratory technician|1964-10-25|283281909609|adults_50up_male_urban.json
833-74-4099|3569735779071412|James|Kramer|M|356 Black Branch|Monroeville|PA|15146|40.429|-79.7623|28323|General practice doctor|1943-04-20|314598870934|adults_50up_male_urban.json
409-87-5604|2702755394237339|Nicolas|Salas|M|33952 David Common|San Leandro|CA|94578|37.7024|-122.124|104689|Research officer, government|1974-03-01|6931334095|adults_50up_male_urban.json
044-62-6082|3579472846392088|Rebecca|Mendoza|F|562 Bray Square|Huntsville|AL|35811|34.7789|-86.5438|190178|Scientist, marine|1947-06-04|345573371830|adults_50up_female_urban.json
009-02-3453|6011559428434798|Grace|White|F|65564 White Curve Apt. 143|Westminster|CO|80031|39.8753|-105.0345|49261|Surveyor, building control|1951-06-14|942454203201|adults_50up_female_urban.json
201-19-2451|30026728857441|Justin|Bradley|M|20347 Shannon Isle Suite 558|Jamesville|NC|27846|35.7838|-76.8983|2988|Surveyor, hydrographic|1958-12-16|893060472234|adults_50up_male_urban.json
353-03-6747|2289399824558773|Steve|James|M|2256 Sweeney Cliffs Apt. 253|Norman|OK|73071|35.233|-97.4067|113857|Interior and spatial designer|1963-10-07|718620520120|adults_50up_male_urban.json
728-35-9919|4475987622023410|Christine|Sanders|F|78006 Dalton River|Waterford|MI|48328|42.6429|-83.3546|71528|Designer, furniture|1965-11-29|717621652546|adults_50up_female_urban.json
317-30-4054|3572282005577842|Kimberly|Taylor|F|979 Mills Route|Waldorf|MD|20601|38.6371|-76.8778|78078|Social research officer, government|2009-04-06|997762397943|young_adults_female_urban.json
494-70-3722|2445642400825475|Joseph|Watts|M|4064 Laura Plaza Suite 368|New York City|NY|10021|40.7685|-73.9588|1577385|Press sub|1967-10-24|272278386916|adults_50up_male_urban.json
733-95-6386|6011416389448467|Cole|Jones|M|1797 Graves Overpass|Pittsburg|CA|94565|38.0031|-121.9172|84641|Emergency planning/management officer|1995-07-22|18557023491|adults_2550_male_urban.json
051-69-0363|4442703120735649|Rachel|Jimenez|F|0512 Joseph Lock Apt. 872|Elkhorn|NE|68022|41.2756|-96.2431|16422|Engineer, agricultural|1944-03-05|927264966457|adults_50up_female_urban.json
837-49-0207|2246730371837644|Taylor|Moore|F|881 Olson Hills|Phoenix|AZ|85086|33.8155|-112.1202|1312922|Engineer, civil (contracting)|1981-07-04|976505596881|adults_2550_female_urban.json
885-86-3569|2246502491630096|Richard|Alvarez|M|1327 Gina Junction|Waltham|MA|02453|42.3654|-71.2316|60632|Best boy|1992-10-09|391098756160|adults_2550_male_urban.json
158-90-8788|5573585730652407|Karina|Kim|F|739 Amy Islands Suite 498|Beacon|NY|12508|41.5097|-73.9634|19880|Designer, multimedia|1984-12-06|580116407639|adults_2550_female_urban.json
461-38-4315|180070862095937|Frank|Brown|M|87829 Morris Row Suite 118|Colorado Springs|CO|80918|38.9129|-104.7734|525713|Broadcast engineer|1986-04-10|915016055940|adults_2550_male_urban.json
183-05-3311|2531096789940535|Larry|Jones|M|717 Michael Summit|Blandon|PA|19510|40.4435|-75.8837|7639|Pathologist|1962-05-31|407257502832|adults_50up_male_urban.json
060-79-4356|213114138113867|Collin|Fox|M|288 Reese Trafficway|Columbus|OH|43221|40.0226|-83.0776|783285|Technical author|2002-02-08|740271815861|young_adults_male_urban.json
720-86-6998|2223868528975581|Wendy|Nguyen|F|6593 Nicholas Plaza Suite 577|Memphis|TN|38116|35.0303|-90.0123|697385|Occupational psychologist|1967-08-10|794569789978|adults_50up_female_urban.json
292-77-0268|213140433504880|Justin|Howe|M|07522 Richardson Prairie|Lancaster|PA|17601|40.0766|-76.3107|164596|Fisheries officer|1993-03-06|280173576486|adults_2550_male_urban.json
095-74-6551|3515727919409615|Richard|Weeks|M|6613 Cynthia Roads Suite 048|Indianapolis|IN|46229|39.7886|-85.9779|910148|Architectural technologist|2002-03-21|594076940942|young_adults_male_urban.json
154-42-8232|3520679981364629|Carlos|Miller|M|641 Shaw Trail|Seattle|WA|98199|47.6488|-122.3964|837792|Conservator, furniture|1999-03-22|149301794538|adults_2550_male_urban.json
573-26-7994|6011898331465915|Ashley|Gutierrez|F|3559 Kayla Extension Suite 979|Beverly|MA|01915|42.5608|-70.8759|39502|Dancer|1991-05-12|49136416256|adults_2550_female_urban.json
205-88-6125|4103924051477056|Christine|Medina|F|848 Dean Divide|Mc Alisterville|PA|17049|40.6469|-77.2602|3360|Adult nurse|1965-12-11|641567640429|adults_50up_female_urban.json
540-06-4186|4439407016451049|Sean|Banks|M|8157 Jacob Parkway|Harlingen|TX|78550|26.1951|-97.689|87263|Programmer, systems|1960-07-30|24534868377|adults_50up_male_urban.json
254-68-4996|376205554384041|Shawn|Zamora|M|432 Prince Shoals|Cincinnati|OH|45230|39.0713|-84.3758|795220|Copywriter, advertising|1987-05-09|799240993760|adults_2550_male_urban.json
534-87-3727|6011926495782328|Lauren|Sutton|F|48262 Lonnie Point|Delano|CA|93215|35.7715|-119.2459|55659|Site engineer|1937-01-01|794348195155|adults_50up_female_urban.json
189-41-2385|3556647423122092|Luis|Obrien|M|330 Miller Tunnel|Columbus|OH|43228|39.9648|-83.126|783285|Publishing rights manager|1977-01-11|550331711552|adults_2550_male_urban.json
481-92-6127|4772233060463333|Andrea|Ho|F|757 Ronald Trail Apt. 965|Harbor City|CA|90710|33.797|-118.2991|25457|Nurse, mental health|1988-07-29|630254100367|adults_2550_female_urban.json
550-68-0631|213177038860861|Jose|Mccoy|M|47644 Jackson Hill|Greer|SC|29651|34.9453|-82.2209|75476|Video editor|2006-03-15|59781790776|young_adults_male_urban.json
530-19-7596|4181298266570277|Leslie|Marquez|F|1452 Christopher Squares|Pembroke|KY|42266|36.7982|-87.3319|2590|Production assistant, television|1975-06-23|397860311539|adults_50up_female_urban.json
537-91-6293|3568602592222062|Eric|Cross|M|2123 Cindy Glen Apt. 777|Hixson|TN|37343|35.1591|-85.2182|40042|Speech and language therapist|1999-11-26|7762958252|adults_2550_male_urban.json
506-31-3554|3576719903849837|Amber|Hernandez|F|20994 Knapp Causeway Apt. 622|Spearman|TX|79081|36.1927|-101.1952|3912|Higher education careers adviser|1934-09-07|728474083546|adults_50up_female_urban.json
717-77-9377|213179501455617|Peter|Bridges|M|7214 Rose Pine|Cedar Park|TX|78613|30.4772|-97.8176|65099|Engineer, manufacturing systems|1974-07-12|230621831621|adults_50up_male_urban.json
060-14-9362|3579469548995291|Justin|Stone|M|2934 Aaron Burg Suite 139|Brockton|MA|02302|42.0848|-71.0002|93766|Patent examiner|1989-10-28|49022933417|adults_2550_male_urban.json
359-72-3479|676334414486|Krista|Wang|F|556 Marilyn Fields|Johnston|IA|50131|41.673|-93.7028|17499|Lawyer|1993-05-11|372948439863|adults_2550_female_urban.json
491-61-0583|4727857608495880|Albert|Ray|M|1240 Terrell Road Apt. 996|Kalamazoo|MI|49001|42.2736|-85.5457|158937|Embryologist, clinical|1959-11-18|127110381193|adults_50up_male_urban.json
316-91-5153|3546173574384210|Jacqueline|Johnson|F|78078 James Orchard|Manlius|NY|13104|42.9904|-75.9703|15567|Scientist, research (physical sciences)|1997-07-27|851736505116|adults_2550_female_urban.json
147-99-1610|213130768104091|Shelby|Cook|F|84094 Manuel Fields|Denver|CO|80246|39.7086|-104.9312|990452|Historic buildings inspector/conservation officer|1977-02-20|585303752969|adults_2550_female_urban.json
792-57-1928|4241098813858542496|David|Jones|M|702 Thomas Spring Apt. 160|Miami|FL|33168|25.8902|-80.2101|1737737|Chartered legal executive (England and Wales)|1957-11-10|431328386041|adults_50up_male_urban.json
722-77-9712|4954538179217176|Emily|Newman|F|3329 Durham Lock Apt. 557|Northport|NY|11768|40.9051|-73.3309|21902|Ranger/warden|1965-02-02|68849460206|adults_50up_female_urban.json
116-45-7843|30245992816152|Justin|Jones|M|769 Allen Gardens Apt. 761|Youngstown|OH|44512|41.0252|-80.6687|163222|Librarian, public|1994-03-04|894247573582|adults_2550_male_urban.json
606-56-7133|3583219719975810|Rodney|Thompson|M|91965 Newman Circle Apt. 329|Bay City|MI|48708|43.582|-83.8781|67858|Academic librarian|1996-08-13|162165414008|adults_2550_male_urban.json
153-58-8705|4997335494651909867|Ryan|Phelps|M|8008 Rodriguez Haven|North Adams|MA|01247|42.6955|-73.08|16087|Airline pilot|1932-06-27|473456755696|adults_50up_male_urban.json
605-51-5213|3566683272386569|Christian|Bright|M|01027 Proctor Dale|Bristol|FL|32321|30.4223|-84.9466|6460|Chartered accountant|1973-11-22|704963993110|adults_50up_male_urban.json
881-59-9903|6011786876532696|Adam|Jimenez|M|846 Johnson Camp|San Antonio|TX|78249|29.5612|-98.6117|1595797|Tax inspector|1967-02-24|775169734100|adults_50up_male_urban.json
116-75-7890|3528478189137180|Robert|Edwards|M|8077 Berry Isle|Wadesboro|NC|28170|34.9809|-80.0696|12355|Pharmacist, community|1973-07-16|880372777813|adults_50up_male_urban.json
297-22-0579|3594079290490473|Bradley|Wagner|M|2944 Smith Creek Apt. 927|Augusta|ME|04330|44.3232|-69.7665|26086|Merchant navy officer|1969-01-09|192448210387|adults_50up_male_urban.json
802-90-3870|30280512927668|David|Alexander|M|95041 Gary Locks|Tahlequah|OK|74464|35.9094|-94.9787|30111|Publishing copy|1976-11-20|520985404788|adults_2550_male_urban.json
771-69-3829|6574286047658016|Thomas|Walsh|M|454 Lang Glens Suite 739|Carlsbad|CA|92008|33.1602|-117.325|105183|Engineer, broadcasting (operations)|1961-05-21|371600365664|adults_50up_male_urban.json
707-24-5133|213101061817531|Molly|King|F|91093 Jean Crest|Atlanta|GA|30327|33.8627|-84.42|900273|Chartered legal executive (England and Wales)|1994-01-22|665103348898|adults_2550_female_urban.json
385-85-9275|4244717465421409|James|Cook|M|4271 Krause Flats|Cincinnati|OH|45215|39.2353|-84.4619|795220|Travel agency manager|1970-06-02|194959880423|adults_50up_male_urban.json
504-14-2358|180039174101196|Monica|Waters|F|2006 Hernandez Isle|Champlin|MN|55316|45.17|-93.3819|23089|Nurse, adult|1935-12-17|2468061102|adults_50up_female_urban.json
725-99-8040|36618306719854|Felicia|Turner|F|158 Miller Mount|Seaboard|NC|27876|36.4886|-77.4113|1302|Horticultural consultant|1982-07-14|221825580025|adults_2550_female_rural.json
568-06-6295|4461571732030931|John|Brown|M|8700 Brown Turnpike Apt. 613|Austin|TX|78757|30.3437|-97.7316|940359|Scientist, research (medical)|1985-01-03|956395061779|adults_2550_male_urban.json
153-95-9493|4027079032024|Mark|Conway|M|9291 Danny Ranch|Lima|OH|45801|40.7641|-84.0973|86954|Warden/ranger|1960-04-04|69666828528|adults_50up_male_urban.json
437-44-6587|349825309251148|Charles|Perry|M|273 Dennis Turnpike Suite 207|Rio Rancho|NM|87124|35.2493|-106.6818|89123|Catering manager|1985-11-23|4322238535|adults_2550_male_urban.json
092-91-9728|4723248763290927910|Lori|Patton|F|0833 Valerie Court Suite 883|Northridge|CA|91326|34.2805|-118.5576|96496|Psychologist, forensic|1989-02-07|690503315009|adults_2550_female_urban.json
214-36-0870|4277220054365|Danielle|Jensen|F|10822 Todd Crescent Apt. 379|Pacoima|CA|91331|34.2556|-118.4208|103689|TEFL teacher|1955-06-07|460961541101|adults_50up_female_urban.json
766-87-5337|4531363631797|John|Zamora|M|97265 Stephen Fields|Saint Peters|MO|63376|38.7802|-90.6228|70828|Mechanical engineer|2002-10-05|300542724083|young_adults_male_urban.json
344-17-0526|3542177625349290|Susan|Lane|F|68739 Hood Harbors|Des Moines|IA|50320|41.5487|-93.5827|222785|Administrator, education|1989-11-17|471286837656|adults_2550_female_urban.json
894-32-4061|379392906007806|Jessica|Foster|F|7318 Heather Lodge|Houma|LA|70364|29.6299|-90.7268|83445|Engineering geologist|2001-01-17|391412017641|young_adults_female_urban.json
245-83-1487|675942799072|John|Taylor|M|57016 Schmidt Hill Suite 498|Del Rio|TX|78840|29.4102|-100.8932|48149|Teaching laboratory technician|1983-01-23|231045526966|adults_2550_male_urban.json
083-80-5501|3585016579055289|Michael|Castro|M|53817 Karen Trace|Washington|MI|48094|42.7262|-83.0268|22934|Equality and diversity officer|1999-04-18|387923438251|adults_2550_male_urban.json
516-88-6930|4155778817884795134|Stephanie|Ellis|F|2411 Joshua Square|Ruidoso|NM|88345|33.3474|-105.651|8874|Data scientist|1981-02-04|165340472930|adults_2550_female_urban.json
534-81-0372|4827567043103856958|Matthew|Buchanan|M|887 Torres Curve Suite 243|Bronx|NY|10460|40.8409|-73.8794|1382480|Radio broadcast assistant|1969-12-13|847346136203|adults_50up_male_urban.json
152-46-4660|30292842222314|Andrew|Stewart|M|4523 Elizabeth Key|Pulaski|IA|52584|40.6941|-92.258|438|Data scientist|1930-08-11|491227929210|adults_50up_male_rural.json
167-69-4941|5167275208854741|Tracy|Webster|F|751 Mccullough Dam|Dearborn|MI|48124|42.2941|-83.2536|98153|Structural engineer|1952-05-15|335509428125|adults_50up_female_urban.json
412-80-3611|30515093983436|Alexander|Ryan|M|186 Tracy Rapids Apt. 562|South El Monte|CA|91733|34.0557|-118.0444|43896|Physiotherapist|1974-11-04|422494343629|adults_50up_male_urban.json
013-37-5652|377813767426621|Russell|Harper|M|47851 Davis Lodge|Somerville|MA|02143|42.3829|-71.1028|73844|Government social research officer|1967-09-07|190758885169|adults_50up_male_urban.json
474-91-9305|4264870494787301|Raven|Moore|F|714 White Spurs Apt. 014|Destrehan|LA|70047|29.9642|-90.3682|13006|Research officer, government|1961-11-29|657416577242|adults_50up_female_urban.json
371-75-7873|3547158904290251|Joel|Steele|M|04565 Keith Pines Apt. 832|Langley|OK|74350|36.4645|-95.0478|862|Chief Marketing Officer|1992-05-14|827205386114|adults_2550_male_rural.json
557-42-5181|4451895202845763|Gerald|Bartlett|M|28338 Robert Club|Willis|TX|77318|30.4416|-95.5394|28966|Commercial horticulturist|1997-09-08|145250832177|adults_2550_male_urban.json
492-45-5105|3527985240132233|Elizabeth|Clark|F|1107 Williams Coves|Muncy|PA|17756|41.2137|-76.7633|12408|Amenity horticulturist|1997-08-03|724960651796|adults_2550_female_urban.json
608-08-7686|2250140119393251|Allen|Thomas|M|552 William Cliff Apt. 908|Selah|WA|98942|46.6767|-120.5408|16973|Engineer, water|1985-06-21|213527785060|adults_2550_male_urban.json
176-97-8801|060413875927|Jeffrey|Rosario|M|6638 Rick Trace|Oxnard|CA|93035|34.1822|-119.216|211523|Interior and spatial designer|1979-08-03|511632032337|adults_2550_male_urban.json
533-18-8124|378015716479474|Darrell|Russell|M|17520 Powers Locks Suite 811|Afton|VA|22920|37.9626|-78.841|4186|Customer service manager|1938-10-02|439782366510|adults_50up_male_urban.json
605-14-2765|2283539613674994|Don|Clarke|M|7967 Hernandez Motorway Apt. 147|Decatur|GA|30032|33.7408|-84.2632|167967|Research scientist (medical)|2004-08-25|688186139417|young_adults_male_urban.json
031-13-0866|2502695249911872|Ricky|Harris|M|8485 Stephanie Bypass Suite 167|Longmont|CO|80501|40.1779|-105.101|117461|International aid/development worker|1978-07-30|415979927589|adults_2550_male_urban.json
471-05-0539|4276246719788976|Karen|Dickerson|F|4796 Miranda Haven|Grand Rapids|MN|55744|47.2348|-93.5115|20164|IT sales professional|1988-01-21|30328585053|adults_2550_female_urban.json
047-17-6004|345616556503339|Maria|Watkins|F|1520 Johnson Shoals|New Market|AL|35761|34.9|-86.4487|11630|Pharmacist, hospital|1978-02-03|565080469383|adults_2550_female_urban.json
274-03-7696|3556965917135788|Robert|Contreras|M|456 Tyler Vista|Cheyenne|WY|82009|41.1836|-104.8023|86283|Call centre manager|1934-05-01|935617309923|adults_50up_male_urban.json
220-37-4345|579639191959|Donald|Knight|M|3514 Reynolds Plains Suite 366|Florence|AZ|85132|32.9969|-111.3612|33556|Food technologist|1946-03-26|565324915175|adults_50up_male_urban.json
688-98-8972|4829737489690832|Helen|Hernandez|F|466 Dalton Circles|Biddeford|ME|04005|43.4935|-70.4883|23146|Engineer, electronics|1994-06-03|454604966623|adults_2550_female_urban.json
844-37-2632|4631230347786603246|Breanna|Green|F|820 Casey Centers Apt. 594|Decatur|GA|30032|33.7408|-84.2632|167967|Bonds trader|1979-01-30|985295591878|adults_2550_female_urban.json
688-85-1480|6011319818984716|Cynthia|Martinez|F|9636 Drew Extensions Apt. 476|Riverdale|MD|20737|38.9601|-76.9147|20684|Forest/woodland manager|1999-05-13|647951221385|adults_2550_female_urban.json
503-69-6140|3558673425754094|Andrew|Stevenson|M|348 Parker Squares|Park Forest|IL|60466|41.479|-87.6828|22115|Medical laboratory scientific officer|1959-11-26|892937260466|adults_50up_male_urban.json
125-69-3873|36064413432752|Sherry|Wang|F|41776 Love Wells Apt. 248|Bonita Springs|FL|34135|26.3771|-81.7334|51427|Brewing technologist|1976-04-25|461072712167|adults_2550_female_urban.json
747-71-5354|30002720634591|Bradley|Moore|M|657 Russo Dale|Marshfield|MA|02050|42.1062|-70.6993|25429|Gaffer|1992-06-26|752364363524|adults_2550_male_urban.json
847-42-4617|4652669300893|Lori|Meadows|F|42069 Burke Drive Apt. 529|Exton|PA|19341|40.0468|-75.6432|16709|Commercial/residential surveyor|1968-03-05|786039638224|adults_50up_female_urban.json
446-99-7434|4133344762639346|Nicholas|Lopez|M|2044 Christine Gateway|Franklin|LA|70538|29.7857|-91.5026|14844|Merchant navy officer|1975-11-21|754122826432|adults_2550_male_urban.json
470-11-0170|30256366941187|Amy|Cook|F|5990 Jon River|Parlin|NJ|08859|40.4587|-74.305|21526|Museum/gallery curator|1966-01-08|736134617514|adults_50up_female_urban.json
136-72-0674|3542875721586240|Bruce|Williams|M|4564 Austin Trace|Nashville|NC|27856|35.9843|-77.9595|17141|Geneticist, molecular|1985-08-14|345817764459|adults_2550_male_urban.json
169-41-8050|4032032074276178|Andrew|Kelly|M|7121 Davis Ways Suite 228|Los Angeles|CA|90048|34.0737|-118.372|2383912|Government social research officer|1945-10-29|981671672588|adults_50up_male_urban.json
600-28-9561|676192613716|Stacy|Johnson|F|5915 Anthony Mount|Covington|GA|30016|33.5146|-83.8626|86177|Quantity surveyor|1969-07-25|689144920939|adults_50up_female_urban.json
609-85-0096|349759230450182|Tiffany|James|F|2361 Melissa Estates Suite 642|Albany|GA|31705|31.5464|-84.0783|101511|Community arts worker|1984-02-28|538153160157|adults_2550_female_urban.json
754-40-9888|4158377674996164|Robert|Austin|M|610 Mcpherson Springs Apt. 278|Clarkston|MI|48346|42.7239|-83.4232|45954|Scientist, water quality|1956-09-17|318188228747|adults_50up_male_urban.json
448-11-7826|4243864908108186611|Julie|Cortez|F|4918 Daniel Shore Suite 226|West Springfield|MA|01089|42.1151|-72.6411|28391|Armed forces technical officer|1980-12-06|455624263623|adults_2550_female_urban.json
305-41-9621|3579452321941682|Albert|Foster|M|77697 Montgomery Ridges|Detroit|MI|48209|42.3097|-83.1155|673342|Media planner|1971-12-19|741700746879|adults_50up_male_urban.json
692-51-4959|5520310303723681|Cheryl|Turner|F|76012 Joanne Mills Suite 707|Henderson|TX|75652|32.2131|-94.7834|29055|Textile designer|1951-06-27|220085418516|adults_50up_female_urban.json
584-51-0835|341667998407674|Kayla|Hardy|F|08069 Tran Grove Suite 717|South Boston|VA|24592|36.6963|-78.9188|13934|Writer|2003-01-12|712702425539|young_adults_female_urban.json
460-90-7148|503843757389|Daniel|Stout|M|724 Moyer Village Suite 729|Bridgeport|CT|06606|41.2091|-73.2086|144195|Engineer, maintenance (IT)|1993-10-19|757127388601|adults_2550_male_urban.json
089-86-7912|4329716743380054|Shirley|Kelly|F|80156 Christina Crest|Atoka|OK|74525|34.3445|-96.1418|10112|Surveyor, planning and development|1965-06-29|533538428144|adults_50up_female_urban.json
349-46-0765|180028910771198|Leonard|Garrison|M|081 Crystal Ways|Eielson Afb|AK|99702|64.6735|-147.0805|2647|Engineer, land|1960-10-09|399049645339|adults_50up_male_urban.json
746-38-7234|180012552137603|Danielle|Lamb|F|8214 Espinoza Mall Suite 328|Goshen|IN|46528|41.6248|-85.8391|56775|Pharmacist, community|1944-05-05|252489169043|adults_50up_female_urban.json
822-55-6774|6585072081155623|Jessica|Long|F|290 Barnes Springs|Edwards|CA|93523|35.2582|-118.1302|3303|Surgeon|1956-09-10|334464334871|adults_50up_female_urban.json
761-41-5639|578926738993|Matthew|Terry|M|41085 Hardy Streets Apt. 884|Morgan City|LA|70380|29.6977|-91.2654|22928|Engineer, production|2001-07-20|558744405500|young_adults_male_urban.json
320-67-5583|4008943468105486|Heather|Williams|F|4907 Bird Valley|Chandler|AZ|85225|33.3105|-111.8239|255641|Television camera operator|1986-10-10|784113269443|adults_2550_female_urban.json
682-69-9758|4449268315897|Cheryl|Osborne|F|26611 Roger Curve Suite 371|El Paso|TX|79907|31.7089|-106.3293|749635|Merchant navy officer|1997-05-11|578432547912|adults_2550_female_urban.json
603-72-8503|6597677622827724|Walter|Palmer|M|377 Julie Points|Clyde|OH|43410|41.3024|-82.9918|10403|Merchant navy officer|1977-09-14|661935059927|adults_2550_male_urban.json
113-16-6056|3508215454470225|Rachel|Fisher|F|3270 Amy Cliff Apt. 679|Brooklyn|NY|11206|40.7012|-73.9436|2504700|Insurance claims handler|1930-11-26|496351176830|adults_50up_female_urban.json
801-49-7787|3528777251996633|Steven|Morgan|M|741 Jasmine Ports|Chester|NJ|07930|40.7892|-74.6776|8559|Insurance broker|1974-06-30|711079270988|adults_50up_male_urban.json
660-72-1396|4983780182047|Rachel|Sanchez|F|89569 Travis Brooks Suite 626|Ramona|CA|92065|33.0293|-116.8535|35414|Aeronautical engineer|1971-03-18|583512746771|adults_50up_female_urban.json
392-33-1492|5482422412462097|Tonya|White|F|6152 Orozco Green|Tempe|AZ|85282|33.3917|-111.9249|167311|Mining engineer|1959-10-19|910282144077|adults_50up_female_urban.json
054-26-3926|3578861405786170|Alyssa|Schultz|F|8913 Kevin Lodge|Wichita Falls|TX|76308|33.8633|-98.534|102011|Product designer|1972-02-12|928073319573|adults_50up_female_urban.json
513-27-2333|343868700794205|Antonio|Weeks|M|465 Brenda Pass Suite 028|Saline|MI|48176|42.1698|-83.7849|21447|Surveyor, quantity|1992-08-19|326717883990|adults_2550_male_urban.json
405-90-2015|4639855474355375|Tina|Murphy|F|097 Rachel Spring|Barton|VT|05822|44.7395|-72.16|1873|Early years teacher|1983-01-19|611659877737|adults_2550_female_rural.json
721-63-6436|213118071569563|Christopher|Tate|M|75370 Julia Trace|East Durham|NY|12423|42.386|-74.1117|1097|Health visitor|2004-09-12|393888005209|young_adults_male_rural.json
093-79-4968|3537504793036143|Laura|Snyder|F|999 Cameron Crossroad|Grapevine|TX|76051|32.9328|-97.0808|46320|Bookseller|1968-07-08|284015153138|adults_50up_female_urban.json
877-30-8571|3530894870605663|Denise|Frazier|F|5803 Joshua Manor Suite 506|Milford|CT|06460|41.2175|-73.0549|52759|Engineer, broadcasting (operations)|1982-05-23|87336896474|adults_2550_female_urban.json
828-04-3697|3513325411076099|Robert|Mcconnell|M|17350 Stone Freeway Apt. 997|Minneapolis|MN|55422|45.0096|-93.3424|1022298|Chief of Staff|1957-06-16|492312124212|adults_50up_male_urban.json
128-11-0995|630451207041|Leslie|Reynolds|M|080 Horn Locks|Sandpoint|ID|83864|48.312|-116.5332|17076|Chief Operating Officer|2005-09-12|827285012637|young_adults_male_urban.json
239-77-0174|36769915078594|Corey|Garcia|M|392 Kelly Orchard|Mesa|AZ|85209|33.3782|-111.6406|478404|Web designer|1948-12-27|203773109823|adults_50up_male_urban.json
141-06-0992|4968549822749543|Jackie|Smith|F|38806 Gonzalez Flats|Columbia|TN|38401|35.6156|-87.038|54469|Engineer, drilling|2006-04-09|76387126423|young_adults_female_urban.json
194-86-7795|3595995946521701|Kathleen|Mora|F|379 John Street|River|KY|41254|37.8795|-82.7251|571|Learning disability nurse|1971-08-15|815216022800|adults_50up_female_rural.json
211-52-3019|580150812478|Cory|Willis|M|03342 Nicole Stravenue Apt. 583|Moseley|VA|23120|37.426|-77.7585|5971|Editor, magazine features|1946-10-15|22316596654|adults_50up_male_urban.json
864-34-1658|676326153472|David|Pacheco|M|961 Drew Curve|Decatur|GA|30032|33.7408|-84.2632|167967|Energy manager|2000-12-28|584938817144|young_adults_male_urban.json
712-48-5210|3530993842530429|Sarah|Schmitt|F|17912 Potter Rue Suite 787|Clarkston|MI|48346|42.7239|-83.4232|45954|Editorial assistant|1996-11-13|783066267688|adults_2550_female_urban.json
539-89-7919|3574969033373636|Elizabeth|Oneal|F|4812 Kenneth Path|Fresno|CA|93702|36.74|-119.7532|570271|Management consultant|1930-09-20|640938732280|adults_50up_female_urban.json
477-66-5512|6576657546027341|Matthew|Howard|M|8881 House Courts|Little Falls|MN|56345|45.9811|-94.3604|14786|Commissioning editor|1964-05-26|395443431480|adults_50up_male_urban.json
560-26-5469|4444392840449|Samantha|Logan|F|9078 Michelle Forks Apt. 373|Chicago|IL|60647|41.9209|-87.7043|2680484|Scientist, clinical (histocompatibility and immunogenetics)|2002-04-20|865809587905|young_adults_female_urban.json
776-60-7560|345366377805295|Shelly|Torres|F|5536 Jennings Lodge|Portland|OR|97232|45.5287|-122.6363|841711|Soil scientist|1964-10-20|357769217573|adults_50up_female_urban.json
024-73-0528|4599996636186379|Ashley|Hudson|F|412 Emily Fall Apt. 970|Nampa|ID|83651|43.5834|-116.5848|104532|Embryologist, clinical|1955-12-21|73869137112|adults_50up_female_urban.json
291-27-3819|4705802566212867162|Troy|Glenn|M|46729 Matthews Parkway|Port Washington|NY|11050|40.835|-73.6964|30171|Proofreader|1969-02-16|220226342085|adults_50up_male_urban.json
147-58-1049|6011859777901474|Gregory|Kirby|M|9263 Rachel Street Suite 762|Winter Springs|FL|32708|28.6831|-81.2814|42012|Teacher, adult education|1944-04-02|429907045757|adults_50up_male_urban.json
045-31-2588|4137681511856724388|Andrew|Johnson|M|5636 Alex Crescent Apt. 577|Farmington|MN|55024|44.6628|-93.1539|32406|Psychologist, clinical|1990-10-09|90487389653|adults_2550_male_urban.json
673-32-7172|4422091241862102|Megan|Hernandez|F|30837 Mary Valleys Apt. 647|Flint|MI|48532|43.0111|-83.803|162969|Associate Professor|1958-08-29|6864239738|adults_50up_female_urban.json
791-49-3306|4331060053134|Tina|Davis|F|206 Lisa Islands|Nanuet|NY|10954|41.0977|-74.0109|23045|Surveyor, planning and development|1994-08-27|208850457458|adults_2550_female_urban.json
213-70-6473|6011331552065065|Daniel|Robinson|M|950 Nicole Loop Suite 971|Waco|TX|76706|31.5171|-97.1198|148766|Software engineer|1987-04-03|935968824759|adults_2550_male_urban.json
176-33-1553|3562525715099768|Jorge|Harmon|M|09143 Todd River|Erie|CO|80516|40.0597|-105.0686|20254|Cartographer|1964-05-14|150581222763|adults_50up_male_urban.json
511-38-3310|4303975245086409|Daryl|Quinn|M|38033 Boyd Falls Suite 017|San Diego|CA|92139|32.6806|-117.0474|1241364|Building control surveyor|1950-09-28|214549341145|adults_50up_male_urban.json
650-19-3346|4298338167423364|Christopher|Wright|M|734 Miller Lake Suite 627|San Antonio|TX|78218|29.4969|-98.4032|1595797|Prison officer|1977-10-09|555866252092|adults_2550_male_urban.json
753-56-2554|30066149828241|Jamie|Torres|F|8971 Taylor Mountains Apt. 230|Chino Hills|CA|91709|33.9797|-117.7308|74796|Administrator, Civil Service|1994-09-25|553456594481|adults_2550_female_urban.json
743-48-8052|6565674916016922|Cheyenne|Graham|F|587 Horton Run Suite 633|Miami|FL|33142|25.813|-80.232|1737737|Purchasing manager|1983-11-06|398629342571|adults_2550_female_urban.json
724-87-0463|3549724399201166|Jennifer|Willis|F|362 King Hollow|Bridgeview|IL|60455|41.7431|-87.8066|16446|Restaurant manager, fast food|1971-06-20|588271720953|adults_50up_female_urban.json
392-76-5046|3511952436402703|Brent|Ayala|M|646 Gregory Ferry Apt. 372|Ledyard|CT|06339|41.4401|-71.9956|8302|Retail buyer|1990-05-28|124332789091|adults_2550_male_urban.json
581-28-3042|4234679121419|James|Hill|M|93771 Bruce Terrace Apt. 901|Hialeah|FL|33012|25.8654|-80.3059|347944|Engineer, mining|1984-05-02|869826803572|adults_2550_male_urban.json
385-78-8521|4759655553566905512|April|Harrell|F|209 Misty Harbors Apt. 579|Montebello|CA|90640|34.0133|-118.113|62549|Public relations officer|1998-03-31|453183104890|adults_2550_female_urban.json
193-01-5279|676350573975|Jennifer|Salazar|F|6716 Lawson Station|Iron River|MI|49935|46.093|-88.646|6096|Customer service manager|1967-06-19|574966665129|adults_50up_female_urban.json
804-92-8268|503871487271|Troy|Olson|M|32116 Ethan Islands|Frisco|TX|75034|33.1499|-96.8241|120276|Music therapist|1975-06-17|308233949370|adults_50up_male_urban.json
737-33-7804|4287153991566863|Rhonda|Walker|F|1115 Julie Crescent|Hubert|NC|28539|34.6993|-77.2079|15469|Teacher, primary school|1977-07-01|139018371982|adults_2550_female_urban.json
390-74-0028|4983665528993160877|Ethan|Cabrera|M|77294 Julie Vista Apt. 954|Sylmar|CA|91342|34.3054|-118.4322|91725|Retail buyer|1939-08-30|760167701011|adults_50up_male_urban.json
281-91-9404|30374605233025|Shannon|Luna|F|208 Rogers Springs Suite 566|Gulfport|MS|39501|30.3826|-89.0976|83530|Building surveyor|1965-03-14|801130991631|adults_50up_female_urban.json
290-90-3197|3512590472927743|Steven|Clark|M|059 Erika Walks|Circle Pines|MN|55014|45.1528|-93.144|27274|Data scientist|1955-08-18|472372101972|adults_50up_male_urban.json
862-22-0923|2287201859626305|Bryan|Sanders|M|926 Kimberly Way Suite 475|Vero Beach|FL|32968|27.5999|-80.4382|105638|Administrator, arts|1984-02-12|125069449315|adults_2550_male_urban.json
125-63-8352|4999741926769|Edwin|Martinez|M|82606 Brown Villages Apt. 312|Mount Morris|MI|48458|43.116|-83.6895|20538|Tour manager|1989-10-23|200554425137|adults_2550_male_urban.json
569-58-5150|5229321840118453|Tracy|Jackson|F|40848 Taylor Overpass|Butte|MT|59701|45.9979|-112.5988|33499|Intelligence analyst|1968-03-07|667232262429|adults_50up_female_urban.json
523-27-1623|4303243298395429|Monica|Henderson|F|6267 Shirley Springs Suite 283|Pryor|OK|74361|36.2921|-95.3129|16293|Building services engineer|1982-04-24|805862859182|adults_2550_female_urban.json
649-90-3157|3598926256609312|Devin|Schmidt|M|51554 Misty Fork Suite 016|Albany|MN|56307|45.6151|-94.574|5157|Environmental education officer|1936-03-01|859444442469|adults_50up_male_urban.json
180-68-5023|3518594849102562|Catherine|Shaffer|F|9240 Diane Divide Suite 940|Marblehead|MA|01945|42.4984|-70.8653|19808|Metallurgist|2005-03-14|857737191645|young_adults_female_urban.json
695-78-6853|3527578446834148|Jason|Edwards|M|113 Frederick Centers|Monroe|LA|71202|32.3868|-92.0722|86622|Chartered accountant|1984-06-22|316725531904|adults_2550_male_urban.json
505-02-6947|4778816093068535|Wendy|Guerrero|F|728 Gregory Lakes|Conroe|TX|77384|30.2257|-95.4924|130233|Contracting civil engineer|1965-11-08|388753314711|adults_50up_female_urban.json
433-64-6212|4153814474430965|Daniel|Torres|M|9705 Christina Isle|Durant|OK|74701|34.0061|-96.3847|22365|Hydrogeologist|1933-09-24|117484074773|adults_50up_male_urban.json
359-93-3051|6501673188261700|Brittney|Douglas|F|6545 Mcclain Plain|Ocala|FL|34482|29.2611|-82.2195|207224|Geophysical data processor|1976-03-05|723438158429|adults_2550_female_urban.json
166-18-5796|3505313402665021|Mary|Vaughan|F|67872 Potter Tunnel Suite 862|Richland Center|WI|53581|43.3661|-90.4302|10699|Clinical molecular geneticist|1941-12-13|120077315263|adults_50up_female_urban.json
130-20-5639|213130569067448|John|Hodges|M|282 Juan Crescent|Laredo|TX|78041|27.5569|-99.4907|248858|General practice doctor|1957-09-19|773069447547|adults_50up_male_urban.json
683-55-3251|30189239231264|Amanda|Mooney|F|0931 Omar Pine|Argos|IN|46501|41.2308|-86.2506|3856|Information officer|1954-06-01|698791861372|adults_50up_female_urban.json
228-44-6981|30086041454565|David|Jacobson|M|00534 Ramirez Rest|Bradenton|FL|34207|27.4394|-82.5778|216518|Chiropractor|1961-11-16|203714196644|adults_50up_male_urban.json
504-47-5477|4108255598953439611|Stephen|Anderson|M|93371 Shelly River|Henderson|NC|27537|36.36|-78.3906|41608|Lobbyist|1967-08-01|795863781117|adults_50up_male_urban.json
780-26-8742|3502368485571614|Karen|Mills|F|94240 Laura Square|Oceanside|CA|92057|33.2407|-117.3025|188742|Energy manager|1938-02-19|896534545111|adults_50up_female_urban.json
507-88-8724|213127868669437|Cathy|Moore|F|087 Turner Forges|La Verne|CA|91750|34.1159|-117.7708|33249|Housing manager/officer|2004-07-10|295099706923|young_adults_female_urban.json
122-22-3669|676134024246|Shane|Williams|M|81059 Nguyen Squares|Babson Park|MA|02457|42.18|-71.0892|1432|Stage manager|1972-10-14|791408017807|adults_50up_male_rural.json
419-79-4832|340534240891645|Sergio|Walters|M|3543 Moore Fort|Lizella|GA|31052|32.7773|-83.825|8652|Politician's assistant|1994-07-18|160497086732|adults_2550_male_urban.json
096-64-2974|30223972404224|Ruth|Mcdaniel|F|21637 Garcia Pine|Royal Oak|MI|48067|42.4906|-83.1366|57256|Copywriter, advertising|1999-04-18|827755151135|adults_2550_female_urban.json
618-13-6192|6011100231429004|Tina|Rodriguez|F|132 Malone Mills Apt. 457|Roseville|CA|95747|38.7703|-121.3372|122853|Designer, fashion/clothing|1982-05-26|61176693233|adults_2550_female_urban.json
709-35-8907|5101841862030362|James|Gomez|M|61721 Cristian Haven Suite 195|Warrenville|IL|60555|41.828|-88.1921|13538|Commissioning editor|1993-06-29|983911742501|adults_2550_male_urban.json
620-20-2918|6592624945147542|Rita|Dawson|F|22526 Griffith Turnpike|Marshalltown|IA|50158|42.0405|-92.9127|31591|Purchasing manager|1960-06-22|76513338142|adults_50up_female_urban.json
592-55-4563|4522655767695234|James|Dunn|M|836 Bianca Manor Apt. 135|Winnsboro|LA|71295|32.1592|-91.7108|14343|Accountant, chartered|1994-11-07|20833147382|adults_2550_male_urban.json
572-61-2189|5255247286333024|Bruce|Dominguez|M|0650 Elizabeth Cliffs|Birmingham|AL|35209|33.4653|-86.8082|493806|Publishing rights manager|1972-04-30|656431794367|adults_50up_male_urban.json
031-19-5985|4310962272847656|Jill|Newman|F|1200 Wesley Branch|Southfield|MI|48076|42.4981|-83.2058|75830|Occupational hygienist|1963-05-19|467432801736|adults_50up_female_urban.json
897-59-9080|3598436241862364|Lisa|Robinson|F|891 Woods Shoal|Jeffersonville|IN|47130|38.3078|-85.7359|44722|Ophthalmologist|2005-02-18|420164855200|young_adults_female_urban.json
056-48-6951|4111595034282|Brian|Lewis|M|3830 Joseph Port|Sunland Park|NM|88063|31.8186|-106.5997|12799|Systems analyst|1965-08-10|618668025286|adults_50up_male_urban.json
047-07-5155|2260546835652150|Jennifer|Figueroa|F|209 Woods Ways|Missouri City|TX|77459|29.5704|-95.5423|91828|Applications developer|2001-06-17|177339712408|young_adults_female_urban.json
699-60-1291|4332288985725458|Loretta|Bentley|F|633 Susan Port|Westbury|NY|11590|40.7557|-73.5723|45768|Research scientist (medical)|2006-02-26|885181618728|young_adults_female_urban.json
147-99-5072|213171752421497|Jack|Davis|M|747 Hines Mills|East Lansing|MI|48823|42.7388|-84.4764|63898|Counselling psychologist|1964-07-04|137180523039|adults_50up_male_urban.json
500-06-5956|4692758955168740909|Natalie|Sanchez|F|14629 Nash Fork|Sahuarita|AZ|85629|31.9452|-111.0002|23568|Network engineer|1979-05-08|510560624736|adults_2550_female_urban.json
096-45-7633|38112166365154|Grant|Munoz|M|714 Johnson Drives|New York City|NY|10025|40.7975|-73.9683|1577385|Psychotherapist, dance movement|1967-10-07|700704646267|adults_50up_male_urban.json
328-73-0514|3505673030644213|Brenda|Hill|F|7683 White Center|Philadelphia|PA|19125|39.9788|-75.1262|1526206|Chief Executive Officer|1950-04-06|991686287359|adults_50up_female_urban.json
351-97-4865|4567782659608939|Blake|Contreras|M|5027 Victor Island|Sumner|WA|98390|47.2099|-122.228|10461|Clothing/textile technologist|1941-07-31|449571171860|adults_50up_male_urban.json
534-93-0061|30279103368290|Jamie|Bailey|F|905 Smith Inlet|Bensalem|PA|19020|40.1109|-74.9378|55493|Retail buyer|1964-12-09|957000539170|adults_50up_female_urban.json
717-64-7472|6555868512765286|Linda|Daniels|F|6491 Linda Cove Apt. 096|Duncanville|TX|75137|32.6347|-96.9113|38530|Civil Service administrator|1945-03-30|822470796467|adults_50up_female_urban.json
639-70-1634|4890463378613710|Gregory|Leon|M|6053 Adams Shoals Suite 463|Rio Dell|CA|95562|40.4987|-124.1102|3450|Accountant, chartered management|1949-07-30|36140245674|adults_50up_male_urban.json
027-20-6135|180052963863967|Sandra|Solis|F|62658 Samuel Courts Apt. 819|Newark|NJ|07102|40.732|-74.1765|277237|Nurse, children's|2005-07-12|841139412121|young_adults_female_urban.json
267-71-2606|341106092098196|James|Newton|M|5233 Lee Ville|Sacramento|CA|95821|38.6239|-121.3837|757530|Financial trader|1984-05-06|857817980840|adults_2550_male_urban.json
789-34-0848|4209117911244211752|Thomas|Clark|M|0617 Jason Manor|Jackson|MS|39213|32.3553|-90.2171|233060|Mining engineer|1995-11-11|347418674161|adults_2550_male_urban.json
462-21-2946|4299015579980284137|Larry|Herrera|M|51305 Jeffrey Stream|Prior Lake|MN|55372|44.7107|-93.4101|29811|Computer games developer|1962-07-22|301797003309|adults_50up_male_urban.json
205-12-5711|3577686342346197|Rebecca|Matthews|F|76769 Cabrera Road|Tempe|AZ|85283|33.3665|-111.9312|167311|Clinical cytogeneticist|1992-05-20|423515109958|adults_2550_female_urban.json
205-73-5783|347208496498560|Allen|White|M|2531 Diane Landing Apt. 510|Hartford|CT|06106|41.7498|-72.6947|123919|Investment banker, operational|2001-08-10|11546128003|young_adults_male_urban.json
337-28-7625|3538164938318499|Tracy|Aguirre|M|665 Gonzalez Causeway|Griffin|GA|30224|33.2404|-84.2734|61966|Research officer, political party|1967-05-22|49386329864|adults_50up_male_urban.json
432-16-2034|30295963904099|Victoria|Buck|F|60880 Newman Cliff Suite 164|Levittown|NY|11756|40.7254|-73.5166|42791|Haematologist|1952-05-03|825996040059|adults_50up_female_urban.json
410-11-9117|379064771591038|Anthony|Smith|M|6321 Jennifer Valleys|Inola|OK|74036|36.1503|-95.5205|6734|Merchandiser, retail|1985-10-07|995642772692|adults_2550_male_urban.json
006-89-0861|4104145964229712525|Paul|Barron|M|718 Becky Shore Suite 457|Methuen|MA|01844|42.728|-71.181|47249|Equities trader|1994-04-16|288157084137|adults_2550_male_urban.json
729-11-5784|213131170303768|Cole|Garcia|M|885 Erickson Shoal|Bridgewater|NJ|08807|40.5904|-74.6267|37972|Designer, exhibition/display|2002-01-29|557692084425|young_adults_male_urban.json
134-29-5958|6598363146249120|Julia|Rodriguez|F|07240 Stanley Mission|Haddon Heights|NJ|08035|39.8788|-75.0664|7566|Management consultant|1951-08-06|129989670839|adults_50up_female_urban.json
087-46-7070|4686850745102|Matthew|Dennis|M|43629 Moreno Park Suite 103|Satanta|KS|67870|37.4409|-100.9691|1765|Clinical psychologist|1977-09-21|125497139516|adults_2550_male_rural.json
037-74-4362|4814396661340|Kathleen|Jackson|F|4940 Jackson Squares|Massillon|OH|44646|40.8116|-81.4973|65540|Writer|1994-10-22|813796480365|adults_2550_female_urban.json
874-89-3910|4122572076502411|Christopher|Wolf|M|579 Tracy Gateway|Washington|DC|20006|38.8964|-77.0447|601723|Public house manager|1997-05-22|47714449557|adults_2550_male_urban.json
581-88-4763|4211457758471|Dawn|Ellis|F|5897 Joseph Path Apt. 263|Biloxi|MS|39532|30.511|-88.9681|60917|Curator|1949-08-04|546994984893|adults_50up_female_urban.json
251-74-7057|341361487824553|Jeanne|Butler|F|3098 Flowers Crossing Suite 795|Butler|MO|64730|38.2712|-94.3138|7109|Homeopath|1959-01-19|545496644624|adults_50up_female_urban.json
151-60-2462|180098247414077|Amanda|Campbell|F|74065 Brendan Dam|Vienna|VA|22181|38.8977|-77.288|63233|Maintenance engineer|1970-04-29|313011727974|adults_50up_female_urban.json
682-99-9188|4423691430753662|James|Strong|M|9429 Shelton Islands Apt. 342|Goliad|TX|77963|28.6993|-97.3783|5459|Pension scheme manager|1963-01-29|221423962760|adults_50up_male_urban.json
313-11-4872|3582661287585755|Jessica|Fisher|F|0806 Katelyn Ridges Suite 398|Prior Lake|MN|55372|44.7107|-93.4101|29811|Midwife|1965-03-30|679151474133|adults_50up_female_urban.json
580-38-0878|6011607870104151|Linda|Short|F|501 Jacqueline Path Apt. 872|Wilmington|NC|28405|34.2651|-77.867|186140|Environmental health practitioner|1958-06-26|742578595436|adults_50up_female_urban.json
873-20-4930|4079311029181335|Ashley|Johnson|F|0146 Mcgrath Viaduct Apt. 849|Parkersburg|WV|26104|39.2804|-81.4936|46768|Print production planner|1998-10-06|725245230756|adults_2550_female_urban.json
127-56-2397|4223288377441971|Jacob|Hill|M|176 Hernandez Haven Suite 196|Fayetteville|TN|37334|35.1527|-86.5664|21700|Administrator, arts|1972-12-30|333205873837|adults_50up_male_urban.json
661-84-7283|582774025883|Christine|Orr|F|122 Rios Port Suite 724|Los Angeles|CA|90031|34.0783|-118.2113|2383912|Immunologist|1973-02-27|433463032839|adults_50up_female_urban.json
860-83-7926|6592988425995997|Sandra|Jones|F|231 Victor Springs|Lake Elsinore|CA|92532|33.6927|-117.303|68860|Publishing copy|1992-04-27|834613761882|adults_2550_female_urban.json
791-94-3877|2227610941017591|Lynn|Johnson|F|1762 James Overpass|Downey|CA|90240|33.9581|-118.1174|111772|Primary school teacher|1998-11-17|316448246954|adults_2550_female_urban.json
207-95-2656|6011190130205696|Joshua|Jones|M|873 Ashley Mountains|Gilroy|CA|95020|37.0139|-121.5773|57349|Restaurant manager, fast food|1993-09-03|392354307922|adults_2550_male_urban.json
573-18-1101|36619128411738|Amber|Fernandez|F|44651 Tammy Club|Southampton|MA|01073|42.2247|-72.7194|5792|Social researcher|1998-01-16|264464139737|adults_2550_female_urban.json
626-65-5116|6011819740056434|George|Hubbard|M|85037 Linda Port|Mount Pleasant|IA|52641|40.9646|-91.5614|12357|Travel agency manager|1983-08-13|917847786168|adults_2550_male_urban.json
355-10-6820|3587240107835677|Eric|Horn|M|00389 Fleming Street|Tulsa|OK|74137|36.0284|-95.9306|413574|Adult nurse|1994-03-15|530653929487|adults_2550_male_urban.json
397-99-6181|3566821719553561|Tamara|Allen|F|036 Vicki Bridge|Walnut|CA|91789|34.0183|-117.8546|43079|Fisheries officer|1968-10-09|63619726599|adults_50up_female_urban.json
059-17-7186|4055934296711142|Teresa|Harris|F|74584 Alison Grove Suite 881|Memphis|TN|38128|35.2213|-89.9413|697385|Audiological scientist|1943-08-10|989331266010|adults_50up_female_urban.json
723-80-7967|4328348315203771070|Russell|Nelson|M|1049 Simpson Wall Suite 670|Ann Arbor|MI|48103|42.2794|-83.784|158345|Environmental manager|1991-12-23|417495431869|adults_2550_male_urban.json
676-56-8725|676340850954|Tammy|Solomon|F|59660 Angela Stravenue|Tooele|UT|84074|40.5454|-112.3002|44310|Holiday representative|1939-04-10|588144128828|adults_50up_female_urban.json
435-74-9312|180026732044133|Raymond|Phillips|M|94544 David Port Suite 427|Wetumpka|AL|36092|32.5927|-86.2153|29730|Psychologist, counselling|1940-10-09|481110497017|adults_50up_male_urban.json
478-05-5878|30360914985173|Christopher|Miranda|M|7232 Monica Shoal Apt. 310|Tuscola|IL|61953|39.7995|-88.2816|6216|Educational psychologist|1977-04-20|556990434553|adults_2550_male_urban.json
594-41-0688|213104405809354|Ashley|Hunter|F|133 Hudson Village|Chicago|IL|60652|41.7454|-87.7135|2680484|Pathologist|1985-12-24|704681267877|adults_2550_female_urban.json
897-37-2345|589556574905|Christopher|Williams|M|019 Lindsey Pass|Camp Verde|AZ|86322|34.5697|-111.8551|11480|Rural practice surveyor|1997-07-06|639020125593|adults_2550_male_urban.json
353-28-6207|3526113989868187|Rebecca|Lawson|F|4394 Mark Union Suite 375|Cat Spring|TX|78933|29.7512|-96.39|1433|Commercial art gallery manager|1961-04-02|264969731495|adults_50up_female_rural.json
751-53-5930|2288815793763921|Tammy|Sanchez|F|929 Flynn Junctions Suite 116|Baton Rouge|LA|70802|30.4438|-91.1775|378909|Pharmacist, community|1988-02-21|631997559540|adults_2550_female_urban.json
648-99-3246|4021648712060212|Brandi|Camacho|F|5268 Jennifer Crest Suite 599|Ocala|FL|34470|29.1989|-82.0874|207224|Warehouse manager|1955-10-24|50346377953|adults_50up_female_urban.json
757-46-7355|6564722981209954|Megan|Chavez|F|2894 Jesse Park Suite 098|San Jose|CA|95136|37.2685|-121.849|973849|Scientist, water quality|1944-07-05|560836091655|adults_50up_female_urban.json
293-42-6293|342036849951547|Carol|Roberts|F|3244 Sandra Shores Suite 213|Chicago|IL|60616|41.8426|-87.6306|2680484|Sub|1954-07-08|561948324082|adults_50up_female_urban.json
173-04-9805|676183070538|Douglas|Gould|M|782 Phillips Creek Apt. 767|Camarillo|CA|93010|34.2313|-119.0464|77518|General practice doctor|1967-09-07|949560849705|adults_50up_male_urban.json
286-94-1909|343152854781502|Jessica|Randolph|F|80032 Wiggins Forges Apt. 472|Pinckney|MI|48169|42.4596|-83.9099|20813|Radio producer|1991-08-27|205359003028|adults_2550_female_urban.json
509-37-2160|4830617893207|Jennifer|Baker|F|935 Moreno Falls Suite 347|Lansford|PA|18232|40.8314|-75.8828|3941|Recruitment consultant|1985-12-16|694911733425|adults_2550_female_urban.json
613-46-8904|30413146753610|Christopher|Huber|M|6277 Mcdaniel Burgs|Houston|TX|77093|29.8617|-95.3403|2906700|Horticultural therapist|1962-05-06|555201505411|adults_50up_male_urban.json
872-53-0997|180045667664046|Karla|Robinson|F|7639 Amanda Tunnel|Endicott|NY|13760|42.1506|-76.0551|44264|Clinical molecular geneticist|2002-04-27|672649018684|young_adults_female_urban.json
133-78-8844|060406155816|Matthew|Stone|M|328 Heath Forks Suite 255|West Sacramento|CA|95691|38.5673|-121.5516|48916|Patent attorney|1971-03-21|606516448533|adults_50up_male_urban.json
255-02-0592|639081867025|Diane|Johnson|F|41662 Atkins Club|Duluth|MN|55803|46.8749|-92.0941|116688|Buyer, retail|1958-12-13|792440834950|adults_50up_female_urban.json
781-94-6806|501889219637|Ronald|Villarreal|M|8044 Harris Greens Suite 646|Murrieta|CA|92563|33.569|-117.1783|115971|Chief Financial Officer|1968-12-08|615925500452|adults_50up_male_urban.json
495-37-8737|213160765817395|William|Sanders|M|5791 Cook Valleys|Atlantic Beach|FL|32233|30.3483|-81.4159|23673|Charity officer|1959-06-23|614590016113|adults_50up_male_urban.json
213-63-9723|4269789307466|Eric|Morgan|M|59960 Vaughn Throughway|Dallas|GA|30132|33.9163|-84.8278|79338|Surveyor, planning and development|1962-10-04|540284104445|adults_50up_male_urban.json
512-41-3863|377881161620289|Paul|Martin|M|06728 Taylor Well Suite 604|Neptune|NJ|07753|40.2096|-74.0714|37554|Commercial/residential surveyor|1972-07-25|791537663426|adults_50up_male_urban.json
278-67-5282|3592248395894770|Daniel|Rivera|M|87056 Edward Cliff|Shawnee Mission|KS|66213|38.8982|-94.7049|370212|Accountant, chartered public finance|1981-01-09|770138490771|adults_2550_male_urban.json
205-89-1538|180051097921584|Sophia|Cooper|F|44694 Weber Lodge|Wyandanch|NY|11798|40.7523|-73.3761|15347|Forest/woodland manager|1941-05-21|595115445810|adults_50up_female_urban.json
676-26-1270|3513424912896590|Raymond|Vargas|M|973 Aaron Fort Apt. 192|Clearfield|UT|84015|41.1294|-112.0482|62494|Customer service manager|1973-10-30|520398932410|adults_50up_male_urban.json
332-10-0856|4675481386667545|Sara|Stewart|F|324 Mary Points|New Ipswich|NH|03071|42.7511|-71.8703|5109|Private music teacher|1951-01-04|762314146965|adults_50up_female_urban.json
702-16-9141|6520575639836526|Taylor|Cowan|F|5830 Murphy Land|Raleigh|NC|27604|35.8334|-78.5799|489514|Forensic scientist|1999-07-10|665775741850|adults_2550_female_urban.json
035-83-4505|4604409079772781|Robert|Johnson|M|222 Robert Vista|Pittsford|NY|14534|43.0695|-77.5141|31426|Communications engineer|1980-04-16|485572028745|adults_2550_male_urban.json
728-08-5149|2704390552958068|Jennifer|Contreras|F|38241 Scott Harbor|Bristol|PA|19007|40.1159|-74.8536|21125|Transport planner|1971-09-09|756767582811|adults_50up_female_urban.json
420-23-0053|4851579197111212590|Lori|Smith|F|35713 Hood Row|New York City|NY|10003|40.7313|-73.9892|1577385|Engineer, aeronautical|1972-03-13|832138782905|adults_50up_female_urban.json
136-40-0874|6524295633432448|Michael|Baker|M|9558 Gallegos Spur Apt. 096|Tallahassee|FL|32303|30.4874|-84.3189|245317|Designer, furniture|1993-02-10|625080730349|adults_2550_male_urban.json
720-56-5684|4358841834374016|Jose|Welch|M|79559 Barrett Bypass Suite 150|Ruffin|SC|29475|33.0103|-80.8137|2874|Designer, interior/spatial|1934-03-03|521500975371|adults_50up_male_urban.json
345-83-1642|4427820797996673|Sandra|King|F|576 Williams Wells Apt. 816|Hudson|WI|54016|44.9842|-92.7271|30108|Physiological scientist|1947-05-22|295382391974|adults_50up_female_urban.json
411-76-0468|4498392250142579|James|Murray|M|24412 Michaela Mews|Chevy Chase|MD|20815|38.978|-77.082|29082|Chemical engineer|2004-08-25|269398105887|young_adults_male_urban.json
702-72-6132|675925178633|Susan|Barnett|F|316 Lucas Dale Suite 546|Mesquite|TX|75149|32.7678|-96.6082|163734|Therapist, speech and language|1957-03-30|585807126672|adults_50up_female_urban.json
356-63-9609|569235558099|Linda|Sanders|F|327 Bradley Hollow|Winchester|TN|37398|35.1864|-86.113|14347|Presenter, broadcasting|1992-06-09|369765976700|adults_2550_female_urban.json
670-24-6975|4467046226817154|Melissa|Garcia|F|25298 Parks Branch Suite 660|Oak Lawn|IL|60453|41.7143|-87.7516|56855|Immunologist|1986-01-25|285293121891|adults_2550_female_urban.json
650-15-9890|30575851268610|Brittany|Rogers|F|89760 Campbell Crossing Suite 750|Buda|TX|78610|30.0918|-97.8534|23502|Tour manager|1936-04-01|406674938298|adults_50up_female_urban.json
436-44-4853|676142456075|Erika|Fields|F|0863 Christopher Court|Herriman|UT|84096|40.5144|-112.0325|33396|Computer games developer|2003-08-01|162035318102|young_adults_female_urban.json
506-56-4501|379389701550295|Vanessa|Little|F|8154 Morales Ferry|Millington|TN|38053|35.3185|-89.9054|28216|Furniture designer|1970-07-14|720358760888|adults_50up_female_urban.json
082-56-1908|4498830597367|Donald|Barker|M|8096 Erika Groves|Demopolis|AL|36732|32.4908|-87.8397|8395|Accountant, chartered public finance|1988-04-08|229382103465|adults_2550_male_urban.json
801-54-2127|4795133053194979696|Gary|Price|M|5557 Steven Summit|Boston|MA|02119|42.3231|-71.0846|386505|Research scientist (physical sciences)|1969-08-20|585020232980|adults_50up_male_urban.json
175-87-6391|4091785138544577020|Mario|Jackson|M|660 Hawkins Overpass Apt. 682|Averill Park|NY|12018|42.6365|-73.5504|7930|Multimedia specialist|1968-09-28|136793283295|adults_50up_male_urban.json
406-28-3463|2714226865369452|Randy|Mccoy|M|886 Michele Park Suite 472|Mount Holly|NJ|08060|40.0086|-74.7896|24713|Editor, film/video|1979-04-20|315250833017|adults_2550_male_urban.json
546-43-7603|4169666309329982|Yvonne|Greene|F|59329 Cohen Land Apt. 968|Phoenix|AZ|85043|33.4491|-112.1972|1312922|Sales promotion account executive|1968-02-11|214161836654|adults_50up_female_urban.json
469-48-3921|4352410397739738|Robert|Kaufman|M|523 Bowen Cliff|Columbus|OH|43212|39.9874|-83.0456|783285|Actor|1977-06-28|37574987741|adults_2550_male_urban.json
694-53-8516|36164819807704|Edward|Ross|M|6876 Dale Vista|New Braunfels|TX|78130|29.7229|-98.0742|78685|Garment/textile technologist|1950-03-16|909493428775|adults_50up_male_urban.json
772-15-2769|375237341517733|Nicole|Peterson|F|7494 Kathleen Drive Suite 035|Sparks|NV|89436|39.6269|-119.7081|110014|Surveyor, rural practice|1965-09-23|783241936602|adults_50up_female_urban.json
315-92-2594|3577422294643039|Kevin|Hernandez|M|5886 Montgomery Extension|Philadelphia|PA|19104|39.9597|-75.2024|1526206|Local government officer|1991-11-28|170269045784|adults_2550_male_urban.json
874-65-5150|180067287276019|Gloria|Parker|F|49135 Stevens Route|Corinth|MS|38834|34.8759|-88.5916|29133|Administrator, charities/voluntary organisations|1996-12-23|823946427847|adults_2550_female_urban.json
234-95-3319|346158148881070|Keith|Wright|M|233 Thompson Rest Suite 841|Omaha|NE|68124|41.2338|-96.0495|518429|Energy manager|1995-10-31|913682726247|adults_2550_male_urban.json
136-67-4961|563399771804|Emma|Walters|F|1717 Cory Radial|Valdosta|GA|31698|30.8485|-83.2878|94325|Engineer, structural|1967-03-02|535145596871|adults_50up_female_urban.json
583-02-9531|6011739970469471|Lynn|Murphy|F|444 Matthew Springs Suite 712|Flushing|NY|11358|40.7606|-73.7968|219342|Ranger/warden|1955-03-16|347920342513|adults_50up_female_urban.json
482-64-2673|4641758231334848|Francisco|Moreno|M|493 Mario Fields|Lancaster|PA|17601|40.0766|-76.3107|164596|Occupational hygienist|1963-05-03|188058626828|adults_50up_male_urban.json
625-85-2575|379643474524550|Sandra|Stewart|F|9660 Brown Lodge Suite 274|Rockville|MD|20853|39.0887|-77.095|130569|Advertising account executive|1989-05-16|776609686046|adults_2550_female_urban.json
214-85-4194|4056658833987411326|Erika|Castillo|F|67349 Brown Centers Suite 485|Carlsbad|CA|92011|33.1072|-117.2943|105183|Primary school teacher|1992-11-18|313204503271|adults_2550_female_urban.json
484-18-1213|372294938173597|Joshua|Guerrero|M|021 Krueger Lake Suite 325|Northfield|MN|55057|44.4587|-93.1668|24602|Psychotherapist|1965-10-11|503489061585|adults_50up_male_urban.json
342-26-4244|4216667080850960851|Richard|Vasquez|M|119 Terri Tunnel Apt. 828|Grovetown|GA|30813|33.4766|-82.2409|30415|Chartered loss adjuster|1986-04-28|672026861824|adults_2550_male_urban.json
196-97-1198|4477251295786060|Laura|Smith|F|03562 Foley Prairie Suite 873|Washington|DC|20007|38.9144|-77.074|601723|Teacher, special educational needs|2002-02-14|390521432741|young_adults_female_urban.json
889-74-2501|4342108902851|Troy|Murphy|M|33426 Hall Forge Suite 027|Enid|OK|73703|36.3975|-97.9157|53026|Community pharmacist|1995-04-28|27380905918|adults_2550_male_urban.json
889-96-3418|6011776336911283|Thomas|Ramsey|M|31795 Perry Fords|Tullahoma|TN|37388|35.3468|-86.22|24494|Chemical engineer|1993-02-08|557485858302|adults_2550_male_urban.json
490-33-8336|2400666155416431|Zachary|Miller|M|0450 Melanie Fall Apt. 282|Anchorage|AK|99502|61.1661|-149.96|242037|Counselling psychologist|1996-03-30|518381379332|adults_2550_male_urban.json
063-77-3438|3559626228225125|Alvin|Harris|M|549 Johnson Burg Suite 070|Brooklyn|NY|11207|40.6705|-73.894|2504700|Cytogeneticist|1948-04-29|450600381837|adults_50up_male_urban.json
553-49-9806|3521053161177681|Jeremiah|Vincent|M|7742 Douglas Lakes|Fort Myers|FL|33908|26.5025|-81.9276|224256|Visual merchandiser|1985-07-31|788849908535|adults_2550_male_urban.json
490-64-9360|4382231164912|David|King|M|7988 Wolf Curve Suite 652|Dawson|GA|39842|31.7703|-84.5238|8357|TEFL teacher|1998-04-12|38013675017|adults_2550_male_urban.json
819-50-0787|4020326509779|Scott|Lopez|M|3794 Wilson Harbors Suite 524|Chicago|IL|60641|41.9453|-87.7474|2680484|Licensed conveyancer|1963-06-13|961243696222|adults_50up_male_urban.json
791-71-7477|4584156082137114|Joshua|Phillips|M|7681 Raymond Pass Apt. 230|Longview|TX|75605|32.5547|-94.7767|102348|Engineer, civil (contracting)|1962-07-31|819193768173|adults_50up_male_urban.json
539-77-2487|3585838252129325|Kimberly|Friedman|F|40646 English Mountain Suite 240|Montgomery|AL|36109|32.3834|-86.2434|214703|Cabin crew|1961-01-16|778468531443|adults_50up_female_urban.json
685-40-3421|3506227236266930|Danielle|Bell|F|2619 Jamie Divide|Saint Louis|MO|63130|38.6669|-90.3225|927396|Health and safety adviser|1993-11-28|359748971547|adults_2550_female_urban.json
653-16-8530|4973741897215406411|Mark|Simmons|M|743 Christopher Street|Columbus|OH|43221|40.0226|-83.0776|783285|Toxicologist|1957-05-13|661252024289|adults_50up_male_urban.json
248-86-8103|3560144485645107|Brian|Shaffer|M|739 Wade Cove|Scotia|CA|95565|40.4583|-124.0517|1071|Ranger/warden|1966-05-02|668127993443|adults_50up_male_rural.json
385-78-8503|4091919113599669|Nathan|Williams|M|9806 Caldwell Burg Apt. 920|Woodland Hills|CA|91364|34.1557|-118.6|65351|Land/geomatics surveyor|1987-03-31|318251940718|adults_2550_male_urban.json
822-04-7482|4553470574238856529|Sarah|Gates|F|9835 Garcia Stravenue Apt. 659|Elizabeth|NJ|07208|40.6747|-74.2239|124967|Research scientist (medical)|1975-01-08|204609987136|adults_50up_female_urban.json
208-34-7954|377522501394884|Edward|Castro|M|9131 Jennifer Wells|Hampton|VA|23669|37.0436|-76.3426|136895|Ophthalmologist|1962-01-07|291423017823|adults_50up_male_urban.json
734-44-8730|372614991537034|Kimberly|Contreras|F|73333 Wong Forge Apt. 043|Durango|CO|81301|37.2874|-107.8617|36051|Advertising art director|1991-12-16|673697967247|adults_2550_female_urban.json
859-57-6792|213162896964542|Jeffrey|Diaz|M|8512 Heath Squares|Highland|CA|92346|34.1565|-117.1403|54923|Fine artist|1975-06-10|591827411184|adults_50up_male_urban.json
132-13-8315|3585193583749072|Malik|Crawford|M|20878 Paula Neck Apt. 151|Moses Lake|WA|98837|47.1374|-119.2891|39722|Health and safety adviser|1993-09-13|277324980156|adults_2550_male_urban.json
029-92-9794|36263748453984|Tracy|Thomas|M|90591 Christina Pines Suite 233|Montross|VA|22520|38.1105|-76.7828|5402|Tourist information centre manager|1999-10-05|836546818497|adults_2550_male_urban.json
856-24-0484|4151169666725215|Eric|Thompson|M|7124 Gonzalez Keys Apt. 571|San Diego|CA|92124|32.8201|-117.0986|1241364|Scientist, research (physical sciences)|1943-02-06|22581940865|adults_50up_male_urban.json
063-72-0970|4120800564099513|Tina|Lopez|F|83512 Berry Mill Apt. 827|Mooresville|NC|28115|35.5774|-80.8226|69793|Airline pilot|1967-08-16|41326530154|adults_50up_female_urban.json
813-16-5107|4529821739295786713|Mary|Jones|F|2373 Williams Circle|Cocoa|FL|32922|28.3672|-80.7465|65760|Quantity surveyor|1976-04-16|926900789232|adults_2550_female_urban.json
725-97-9686|2615899886834520|Jerome|Gonzalez|M|6617 Travis Islands Suite 964|Gretna|VA|24557|36.9695|-79.3389|7977|Research scientist (medical)|1969-06-11|867550268238|adults_50up_male_urban.json
790-88-0904|213131499825087|Alyssa|Rasmussen|F|58068 William Springs Apt. 317|San Bruno|CA|94066|37.6247|-122.429|41130|Electronics engineer|1996-10-09|244350808753|adults_2550_female_urban.json
328-10-3336|30399006314033|Mary|Herman|F|63560 Donald Gateway Suite 694|Las Vegas|NV|89104|36.152|-115.1092|1417793|Engineer, energy|2000-03-28|966111115187|adults_2550_female_urban.json
755-35-6705|3566643749060726|Matthew|Walker|M|27128 Jackson Streets|West Palm Beach|FL|33407|26.7492|-80.0725|459921|Furniture conservator/restorer|1998-03-25|751427365638|adults_2550_male_urban.json
712-51-4667|180049411631871|Curtis|Holmes|M|7113 Marissa Ferry|Media|PA|19063|39.9188|-75.3991|35704|Charity officer|1964-04-30|763484301797|adults_50up_male_urban.json
248-56-6077|30279083350904|Tiffany|Peterson|F|57306 Hernandez Highway Apt. 323|Claremont|CA|91711|34.1092|-117.7183|35705|Legal executive|1965-04-17|793100123412|adults_50up_female_urban.json
026-57-1137|4822850116883|Alicia|Le|F|0213 Patrick Port Apt. 691|Oxnard|CA|93033|34.1685|-119.1717|211523|Environmental manager|1991-12-07|690468289425|adults_2550_female_urban.json
578-70-1212|676379649673|Susan|Young|F|457 Calhoun Drives Suite 853|Faucett|MO|64448|39.5891|-94.7913|1104|Cytogeneticist|1958-03-13|701311738632|adults_50up_female_rural.json
179-50-4215|4064207683625368|Jason|Butler|M|6755 Ortega Dale Apt. 333|Scipio|IN|47273|39.0665|-85.7129|1849|Teacher, adult education|1967-11-14|802616026842|adults_50up_male_rural.json
803-80-5955|36543627187492|Jason|Gonzalez|M|268 White Mills Apt. 369|Henderson|NV|89011|36.1065|-114.9192|264999|Drilling engineer|1966-06-07|750528233547|adults_50up_male_urban.json
788-20-6585|3526573275998016|Rachel|Miller|F|51553 Susan Inlet|King Of Prussia|PA|19406|40.0956|-75.3737|23441|Brewing technologist|1974-03-03|684458615763|adults_50up_female_urban.json
598-58-7784|344418222618968|Christopher|Tran|M|431 Regina Court Apt. 267|Lake Worth|FL|33467|26.6104|-80.1683|215808|Museum education officer|1962-09-25|186731777944|adults_50up_male_urban.json
601-89-5938|30270795515124|Chad|Evans|M|13541 Morrison Union Suite 099|Kansas City|MO|64138|38.9528|-94.4705|545147|Pensions consultant|1981-09-04|188942920570|adults_2550_male_urban.json
872-33-3147|180080752034474|Zachary|Morgan|M|715 David Road Apt. 904|Allison Park|PA|15101|40.57|-79.9665|24292|Museum/gallery conservator|2002-06-04|992994902922|young_adults_male_urban.json
390-50-0590|3565586652548370|Diane|Miller|F|158 Andrew Crossroad Apt. 312|Dunkirk|NY|14048|42.4877|-79.3283|15072|Midwife|1991-12-30|167782722059|adults_2550_female_urban.json
821-31-1432|5105912975191023|Curtis|Reese|M|11063 Brendan Common|Cartersville|GA|30120|34.187|-84.8204|60163|Naval architect|1958-06-17|688570896156|adults_50up_male_urban.json
198-61-3233|3592749072801236|Dennis|Humphrey|M|113 Melinda Throughway|Spanaway|WA|98387|47.0732|-122.3943|43173|Estate agent|1952-01-04|434489300853|adults_50up_male_urban.json
857-76-4862|3584364538044213|Amy|Snyder|F|617 Tiffany Spring|Pelham|NH|03076|42.7288|-71.3046|12897|Chartered management accountant|1931-08-13|645612603613|adults_50up_female_urban.json
715-88-9921|4945757574758335|Kevin|Williams|M|7756 Melton Mountain Suite 226|Hamilton|NY|13346|42.8231|-75.5434|6735|Personnel officer|1993-04-19|29848451208|adults_2550_male_urban.json
808-41-6250|4650622923106724|Devin|Gonzalez|M|2484 James Rest Suite 662|Gilroy|CA|95020|37.0139|-121.5773|57349|Ranger/warden|1991-09-28|734306692746|adults_2550_male_urban.json
362-14-1097|379423873670423|George|Collins|M|192 Peterson Landing Apt. 597|Boynton Beach|FL|33436|26.5354|-80.1124|155385|Biomedical scientist|1940-01-12|489702334696|adults_50up_male_urban.json
428-32-3432|345748595325935|Michael|Lynch|M|9705 Patrick Drive|Morrisville|NC|27560|35.8344|-78.8466|22623|Youth worker|1968-08-03|87280843357|adults_50up_male_urban.json
503-60-9873|3517634250733058|Heather|Oliver|F|5759 Madison Rue|Rochester|NY|14607|43.1501|-77.589|478127|Emergency planning/management officer|1972-01-03|663991581013|adults_50up_female_urban.json
303-94-0993|3588436604432401|Alyssa|Schneider|F|57276 Brittney Trace Suite 147|Mobile|AL|36605|30.6341|-88.0846|270712|Health and safety adviser|1931-02-04|773943574861|adults_50up_female_urban.json
465-37-2669|3550105875256807|Mark|Lucas|M|59045 Nicole Centers Apt. 711|Silver Lake|KS|66539|39.1102|-95.8552|2806|Counselling psychologist|2005-08-20|112320137593|young_adults_male_urban.json
168-92-3851|2285516517680861|Martin|Foster|M|137 Darius Ways|Santa Ana|CA|92704|33.7249|-117.909|348131|Games developer|1991-10-14|262969664109|adults_2550_male_urban.json
661-88-9138|501837003323|Tiffany|Taylor|F|6608 Vasquez Skyway Suite 810|Cleveland|OH|44144|41.4385|-81.7398|769341|Engineer, communications|1983-12-03|41187313288|adults_2550_female_urban.json
236-75-8053|581958263286|Adam|Burton|M|8586 Mary Throughway Suite 535|Bringhurst|IN|46913|40.5163|-86.5204|1329|Gaffer|1967-02-08|130535362395|adults_50up_male_rural.json
293-58-0473|36321061339436|Stacie|Meyers|F|0394 William Inlet Apt. 325|Houston|TX|77005|29.7179|-95.4263|2906700|Engineer, maintenance|1989-02-17|428293890109|adults_2550_female_urban.json
336-59-6403|3577894319100908|Shannon|Arroyo|F|7692 Brian Forge|Wakefield|MA|01880|42.5009|-71.0685|24733|Engineer, aeronautical|1963-06-30|468026624377|adults_50up_female_urban.json
898-48-1247|4040142473107201139|Jesse|Tanner|M|0971 Jason Locks Suite 007|Northridge|CA|91324|34.2367|-118.5466|96496|Podiatrist|1979-03-29|514667869039|adults_2550_male_urban.json
180-02-9450|676314473403|Michael|Richmond|M|70096 Conner Stravenue|Chicago|IL|60647|41.9209|-87.7043|2680484|Art gallery manager|1956-01-12|400662540142|adults_50up_male_urban.json
613-48-7476|30255882556297|Jennifer|Mcdonald|F|2786 Ali Corners Suite 255|Chico|CA|95928|39.7224|-121.8113|106193|Psychologist, prison and probation services|1967-01-03|826569757851|adults_50up_female_urban.json
883-88-2692|588295829232|Roger|Sanders|M|88081 Jonathan Plaza Apt. 357|Morgantown|WV|26508|39.5953|-79.9229|87558|Commercial horticulturist|1971-05-07|804556841663|adults_50up_male_urban.json
562-51-8571|4395613723081720|Thomas|Neal|M|64381 Andrew Burgs Suite 132|Sandersville|GA|31082|32.975|-82.8406|10408|Building surveyor|1986-09-13|275165763588|adults_2550_male_urban.json
122-55-5858|4094565346997993|Andrew|Henry|M|5504 Callahan Lights|Jackson|MI|49203|42.229|-84.4132|104131|Solicitor|1980-05-26|110680394106|adults_2550_male_urban.json
706-76-5752|4060717481131769|Paul|Allen|M|54873 Davis Spur Apt. 908|Champaign|IL|61822|40.1317|-88.2854|88746|Producer, television/film/video|1937-05-20|550052594447|adults_50up_male_urban.json
475-36-9258|6011491872742049|Lindsay|Simmons|F|37730 Parsons Valley|Canton|OH|44718|40.8465|-81.4408|192805|Editor, commissioning|1991-03-02|415634562309|adults_2550_female_urban.json
310-24-3661|373711222990773|Jacob|Hale|M|858 Robert Bypass|Lake Grove|NY|11755|40.8567|-73.1168|12387|Health promotion specialist|1956-06-29|611759212133|adults_50up_male_urban.json
433-09-1068|2255768321021925|Mary|Griffin|F|471 Brandi Crescent Apt. 332|Wellsville|KS|66092|38.7137|-95.0916|4084|Hydrologist|1989-11-20|820910906832|adults_2550_female_urban.json
401-02-6093|676101849807|Eric|Cain|M|73377 Lewis Extensions Suite 881|Walnut Creek|CA|94598|37.9194|-122.0259|82557|Dancer|1995-11-13|140304050339|adults_2550_male_urban.json
149-98-1115|30192365346062|Andrew|Flores|M|35679 Kaitlyn Crossroad Suite 986|Medina|OH|44256|41.1404|-81.8584|62039|Designer, industrial/product|1974-05-07|658166546297|adults_50up_male_urban.json
295-64-1230|6011618120546471|Marie|Hatfield|F|8954 Dixon Lights Apt. 751|Briggs|TX|78608|30.9325|-97.9702|434|Recruitment consultant|1960-09-25|377850721341|adults_50up_female_rural.json
530-79-1032|4449835539354358643|Dennis|Coleman|M|243 Marquez Plaza|Lowell|MA|01851|42.6315|-71.3329|106541|IT sales professional|1976-02-15|877051496663|adults_2550_male_urban.json
596-67-2842|2263395275367490|Jimmy|Peterson|M|141 Li Lock Apt. 134|Marysville|WA|98271|48.0966|-122.198|73083|Research officer, trade union|1967-09-29|605551105914|adults_50up_male_urban.json
841-36-8375|3534067917665125|Catherine|Ward|F|14188 Anderson Court|Luthersville|GA|30251|33.1798|-84.7577|2342|Pharmacologist|1965-11-09|43829680595|adults_50up_female_rural.json
